project_code,snapshot_month,physical_progress_pct,financial_progress_pct,cumulative_expenditure_crore,revised_cost_crore,revised_end_date,status,issues,source,origin
DEMO-0001,2025-03-01,2.0,2.2,20.1,916.6,2026-12-01,,,synthetic-generator,SYNTHETIC_DEMO
DEMO-0001,2025-04-01,3.0,3.8,34.9,916.6,2026-12-01,,,synthetic-generator,SYNTHETIC_DEMO
DEMO-0001,2025-05-01,4.2,5.0,45.7,916.6,2026-12-01,,,synthetic-generator,SYNTHETIC_DEMO
DEMO-0001,2025-06-01,5.5,6.0,55.2,916.6,2026-12-01,,,synthetic-generator,SYNTHETIC_DEMO
DEMO-0001,2025-07-01,7.4,9.4,86.1,916.6,2026-12-01,,,synthetic-generator,SYNTHETIC_DEMO
DEMO-0001,2025-08-01,8.5,8.3,76.0,916.6,2026-12-01,,,synthetic-generator,SYNTHETIC_DEMO
DEMO-0001,2025-09-01,10.2,9.8,90.2,916.6,2026-12-01,,,synthetic-generator,SYNTHETIC_DEMO
DEMO-0001,2025-10-01,11.2,14.8,135.9,916.6,2026-12-01,,,synthetic-generator,SYNTHETIC_DEMO
DEMO-0001,2025-11-01,12.2,15.8,144.5,916.6,2026-12-01,,,synthetic-generator,SYNTHETIC_DEMO
DEMO-0001,2025-12-01,13.5,17.1,156.8,916.6,2026-12-01,,,synthetic-generator,SYNTHETIC_DEMO
DEMO-0001,2026-01-01,15.4,18.4,168.9,916.6,2026-12-01,,,synthetic-generator,SYNTHETIC_DEMO
DEMO-0001,2026-02-01,17.1,21.4,196.0,916.6,2026-12-01,,,synthetic-generator,SYNTHETIC_DEMO
DEMO-0001,2026-03-01,19.0,23.9,219.4,916.6,2026-12-01,,,synthetic-generator,SYNTHETIC_DEMO
DEMO-0001,2026-04-01,20.0,22.3,204.2,916.6,2026-12-01,,,synthetic-generator,SYNTHETIC_DEMO
DEMO-0001,2026-05-01,21.2,28.0,256.8,916.6,2026-12-01,,,synthetic-generator,SYNTHETIC_DEMO
DEMO-0001,2026-06-01,23.2,30.0,275.3,916.6,2026-12-01,,,synthetic-generator,SYNTHETIC_DEMO
DEMO-0001,2026-07-01,25.1,29.7,271.8,916.6,2026-12-01,,,synthetic-generator,SYNTHETIC_DEMO
DEMO-0001,2026-08-01,26.7,28.1,258.0,916.6,2026-12-01,,,synthetic-generator,SYNTHETIC_DEMO
DEMO-0002,2025-03-01,0.6,0.9,8.5,942.4,2030-10-01,,,synthetic-generator,SYNTHETIC_DEMO
DEMO-0002,2025-04-01,0.6,0.8,7.3,942.4,2030-10-01,,,synthetic-generator,SYNTHETIC_DEMO
DEMO-0002,2025-05-01,1.0,1.7,16.3,942.4,2030-10-01,,,synthetic-generator,SYNTHETIC_DEMO
DEMO-0002,2025-06-01,1.5,1.5,14.4,942.4,2030-10-01,,,synthetic-generator,SYNTHETIC_DEMO
DEMO-0002,2025-07-01,2.0,2.8,26.2,942.4,2030-10-01,,,synthetic-generator,SYNTHETIC_DEMO
DEMO-0002,2025-08-01,2.0,2.4,22.2,942.4,2030-10-01,,,synthetic-generator,SYNTHETIC_DEMO
DEMO-0002,2025-09-01,2.5,3.7,34.4,942.4,2030-10-01,,,synthetic-generator,SYNTHETIC_DEMO
DEMO-0002,2025-10-01,2.8,3.9,37.2,942.4,2030-10-01,,,synthetic-generator,SYNTHETIC_DEMO
DEMO-0002,2025-11-01,3.1,4.5,42.4,942.4,2030-10-01,,,synthetic-generator,SYNTHETIC_DEMO
DEMO-0002,2025-12-01,3.1,5.0,47.4,942.4,2030-10-01,,,synthetic-generator,SYNTHETIC_DEMO
DEMO-0002,2026-01-01,3.8,5.2,48.6,942.4,2030-10-01,,,synthetic-generator,SYNTHETIC_DEMO
DEMO-0002,2026-02-01,4.3,6.5,60.9,942.4,2030-10-01,,,synthetic-generator,SYNTHETIC_DEMO
DEMO-0002,2026-03-01,4.7,4.8,45.7,942.4,2030-10-01,,,synthetic-generator,SYNTHETIC_DEMO
DEMO-0002,2026-04-01,4.7,4.9,46.0,942.4,2030-10-01,,,synthetic-generator,SYNTHETIC_DEMO
DEMO-0002,2026-05-01,4.7,7.2,67.4,942.4,2030-10-01,,,synthetic-generator,SYNTHETIC_DEMO
DEMO-0002,2026-06-01,5.3,7.7,72.3,942.4,2030-10-01,,,synthetic-generator,SYNTHETIC_DEMO
DEMO-0002,2026-07-01,5.3,7.3,69.2,942.4,2030-10-01,,,synthetic-generator,SYNTHETIC_DEMO
DEMO-0002,2026-08-01,5.3,8.7,81.9,942.4,2030-10-01,,,synthetic-generator,SYNTHETIC_DEMO
DEMO-0003,2025-03-01,0.8,0.9,2.2,233.9,2028-06-01,,,synthetic-generator,SYNTHETIC_DEMO
DEMO-0003,2025-04-01,1.5,1.7,4.0,233.9,2028-06-01,,,synthetic-generator,SYNTHETIC_DEMO
DEMO-0003,2025-05-01,2.5,3.4,7.9,233.9,2028-06-01,,,synthetic-generator,SYNTHETIC_DEMO
DEMO-0003,2025-06-01,3.6,4.6,10.7,233.9,2028-06-01,,,synthetic-generator,SYNTHETIC_DEMO
DEMO-0003,2025-07-01,4.5,4.4,10.3,233.9,2028-06-01,,,synthetic-generator,SYNTHETIC_DEMO
DEMO-0003,2025-08-01,5.8,6.3,14.8,233.9,2028-06-01,,,synthetic-generator,SYNTHETIC_DEMO
DEMO-0003,2025-09-01,6.8,7.5,17.6,233.9,2028-06-01,,,synthetic-generator,SYNTHETIC_DEMO
DEMO-0003,2025-10-01,8.2,8.5,19.8,233.9,2028-06-01,,,synthetic-generator,SYNTHETIC_DEMO
DEMO-0003,2025-11-01,8.7,8.6,20.0,233.9,2028-06-01,,,synthetic-generator,SYNTHETIC_DEMO
DEMO-0003,2025-12-01,10.0,13.0,30.3,233.9,2028-06-01,,,synthetic-generator,SYNTHETIC_DEMO
DEMO-0003,2026-01-01,10.9,12.2,28.5,233.9,2028-06-01,,,synthetic-generator,SYNTHETIC_DEMO
DEMO-0003,2026-02-01,11.3,13.9,32.4,233.9,2028-06-01,,,synthetic-generator,SYNTHETIC_DEMO
DEMO-0003,2026-03-01,12.3,15.8,36.9,233.9,2028-06-01,,,synthetic-generator,SYNTHETIC_DEMO
DEMO-0003,2026-04-01,13.1,16.5,38.6,233.9,2028-06-01,,,synthetic-generator,SYNTHETIC_DEMO
DEMO-0003,2026-05-01,14.2,18.9,44.2,233.9,2028-06-01,,,synthetic-generator,SYNTHETIC_DEMO
DEMO-0003,2026-06-01,14.8,19.5,45.6,233.9,2028-06-01,,,synthetic-generator,SYNTHETIC_DEMO
DEMO-0003,2026-07-01,15.9,18.7,43.8,233.9,2028-06-01,,,synthetic-generator,SYNTHETIC_DEMO
DEMO-0003,2026-08-01,17.1,17.0,39.8,233.9,2028-06-01,,,synthetic-generator,SYNTHETIC_DEMO
DEMO-0004,2025-03-01,1.4,1.4,18.9,1386.1,2028-10-01,,,synthetic-generator,SYNTHETIC_DEMO
DEMO-0004,2025-04-01,2.1,2.7,36.8,1386.1,2028-10-01,,,synthetic-generator,SYNTHETIC_DEMO
DEMO-0004,2025-05-01,3.3,3.6,49.3,1386.1,2028-10-01,,,synthetic-generator,SYNTHETIC_DEMO
DEMO-0004,2025-06-01,4.9,5.7,78.6,1386.1,2028-10-01,,,synthetic-generator,SYNTHETIC_DEMO
DEMO-0004,2025-07-01,5.8,7.6,104.7,1386.1,2028-10-01,,,synthetic-generator,SYNTHETIC_DEMO
DEMO-0004,2025-08-01,6.9,9.1,125.8,1386.1,2028-10-01,,,synthetic-generator,SYNTHETIC_DEMO
DEMO-0004,2025-09-01,7.3,7.3,100.9,1386.1,2028-10-01,,,synthetic-generator,SYNTHETIC_DEMO
DEMO-0004,2025-10-01,8.3,8.6,119.0,1386.1,2028-10-01,,,synthetic-generator,SYNTHETIC_DEMO
DEMO-0004,2025-11-01,8.8,8.9,124.0,1386.1,2028-10-01,,,synthetic-generator,SYNTHETIC_DEMO
DEMO-0004,2025-12-01,9.7,9.5,131.6,1386.1,2028-10-01,,,synthetic-generator,SYNTHETIC_DEMO
DEMO-0004,2026-01-01,10.5,11.7,162.5,1386.1,2028-10-01,,,synthetic-generator,SYNTHETIC_DEMO
DEMO-0004,2026-02-01,11.7,13.0,180.4,1386.1,2028-10-01,,,synthetic-generator,SYNTHETIC_DEMO
DEMO-0004,2026-03-01,12.9,13.2,183.0,1386.1,2028-10-01,,,synthetic-generator,SYNTHETIC_DEMO
DEMO-0004,2026-04-01,13.7,13.7,190.1,1386.1,2028-10-01,,,synthetic-generator,SYNTHETIC_DEMO
DEMO-0004,2026-05-01,14.6,16.0,221.4,1386.1,2028-10-01,,,synthetic-generator,SYNTHETIC_DEMO
DEMO-0004,2026-06-01,15.9,17.7,245.3,1386.1,2028-10-01,,,synthetic-generator,SYNTHETIC_DEMO
DEMO-0004,2026-07-01,16.6,21.7,300.6,1386.1,2028-10-01,,,synthetic-generator,SYNTHETIC_DEMO
DEMO-0004,2026-08-01,17.1,20.9,290.2,1386.1,2028-10-01,,,synthetic-generator,SYNTHETIC_DEMO
DEMO-0005,2025-03-01,1.9,2.2,38.1,1710.5,2030-09-01,,,synthetic-generator,SYNTHETIC_DEMO
DEMO-0005,2025-04-01,2.9,3.7,62.8,1710.5,2030-09-01,,,synthetic-generator,SYNTHETIC_DEMO
DEMO-0005,2025-05-01,4.2,5.2,89.7,1710.5,2030-09-01,,,synthetic-generator,SYNTHETIC_DEMO
DEMO-0005,2025-06-01,6.2,7.2,123.6,1710.5,2030-09-01,,,synthetic-generator,SYNTHETIC_DEMO
DEMO-0005,2025-07-01,8.0,8.0,137.3,1710.5,2030-09-01,,,synthetic-generator,SYNTHETIC_DEMO
DEMO-0005,2025-08-01,9.9,12.1,206.5,1710.5,2030-09-01,,,synthetic-generator,SYNTHETIC_DEMO
DEMO-0005,2025-09-01,10.8,14.2,242.4,1710.5,2030-09-01,,,synthetic-generator,SYNTHETIC_DEMO
DEMO-0005,2025-10-01,11.7,13.6,232.7,1710.5,2030-09-01,,,synthetic-generator,SYNTHETIC_DEMO
DEMO-0005,2025-11-01,13.1,16.2,276.7,1710.5,2030-09-01,,,synthetic-generator,SYNTHETIC_DEMO
DEMO-0005,2025-12-01,14.5,16.3,279.1,1710.5,2030-09-01,,,synthetic-generator,SYNTHETIC_DEMO
DEMO-0005,2026-01-01,15.6,19.1,326.8,1710.5,2030-09-01,,,synthetic-generator,SYNTHETIC_DEMO
DEMO-0005,2026-02-01,16.4,21.3,364.8,1710.5,2030-09-01,,,synthetic-generator,SYNTHETIC_DEMO
DEMO-0005,2026-03-01,17.3,18.2,310.7,1710.5,2030-09-01,,,synthetic-generator,SYNTHETIC_DEMO
DEMO-0005,2026-04-01,18.8,21.3,363.5,1710.5,2030-09-01,,,synthetic-generator,SYNTHETIC_DEMO
DEMO-0005,2026-05-01,20.3,25.0,427.0,1710.5,2030-09-01,,,synthetic-generator,SYNTHETIC_DEMO
DEMO-0005,2026-06-01,22.2,30.0,512.6,1710.5,2030-09-01,,,synthetic-generator,SYNTHETIC_DEMO
DEMO-0005,2026-07-01,23.8,30.3,519.1,1710.5,2030-09-01,,,synthetic-generator,SYNTHETIC_DEMO
DEMO-0005,2026-08-01,25.8,31.4,536.9,1710.5,2030-09-01,,,synthetic-generator,SYNTHETIC_DEMO
DEMO-0006,2025-03-01,1.6,1.9,39.8,2100.1,2030-04-01,,,synthetic-generator,SYNTHETIC_DEMO
DEMO-0006,2025-04-01,3.3,3.3,68.8,2100.1,2030-04-01,,,synthetic-generator,SYNTHETIC_DEMO
DEMO-0006,2025-05-01,4.7,5.1,106.8,2100.1,2030-04-01,,,synthetic-generator,SYNTHETIC_DEMO
DEMO-0006,2025-06-01,5.6,6.2,130.5,2100.1,2030-04-01,,,synthetic-generator,SYNTHETIC_DEMO
DEMO-0006,2025-07-01,7.6,8.0,168.3,2100.1,2030-04-01,,,synthetic-generator,SYNTHETIC_DEMO
DEMO-0006,2025-08-01,9.9,13.2,277.9,2100.1,2030-04-01,,,synthetic-generator,SYNTHETIC_DEMO
DEMO-0006,2025-09-01,12.1,14.6,306.5,2100.1,2030-04-01,,,synthetic-generator,SYNTHETIC_DEMO
DEMO-0006,2025-10-01,13.9,17.6,368.9,2100.1,2030-04-01,,,synthetic-generator,SYNTHETIC_DEMO
DEMO-0006,2025-11-01,14.8,18.0,378.5,2100.1,2030-04-01,,,synthetic-generator,SYNTHETIC_DEMO
DEMO-0006,2025-12-01,16.2,17.0,356.4,2100.1,2030-04-01,,,synthetic-generator,SYNTHETIC_DEMO
DEMO-0006,2026-01-01,17.6,21.2,444.6,2100.1,2030-04-01,,,synthetic-generator,SYNTHETIC_DEMO
DEMO-0006,2026-02-01,18.9,21.8,457.9,2100.1,2030-04-01,,,synthetic-generator,SYNTHETIC_DEMO
DEMO-0006,2026-03-01,20.2,23.9,502.6,2100.1,2030-04-01,,,synthetic-generator,SYNTHETIC_DEMO
DEMO-0006,2026-04-01,21.2,23.7,497.5,2100.1,2030-04-01,,,synthetic-generator,SYNTHETIC_DEMO
DEMO-0006,2026-05-01,22.3,27.3,572.5,2100.1,2030-04-01,,,synthetic-generator,SYNTHETIC_DEMO
DEMO-0006,2026-06-01,24.0,25.0,524.8,2100.1,2030-04-01,,,synthetic-generator,SYNTHETIC_DEMO
DEMO-0006,2026-07-01,25.1,26.4,555.2,2100.1,2030-04-01,,,synthetic-generator,SYNTHETIC_DEMO
DEMO-0006,2026-08-01,26.3,30.7,644.6,2100.1,2030-04-01,,,synthetic-generator,SYNTHETIC_DEMO
DEMO-0007,2025-03-01,1.2,1.2,7.3,591.2,2029-08-01,,,synthetic-generator,SYNTHETIC_DEMO
DEMO-0007,2025-04-01,2.5,2.9,17.2,591.2,2029-08-01,,,synthetic-generator,SYNTHETIC_DEMO
DEMO-0007,2025-05-01,3.2,3.3,19.7,591.2,2029-08-01,,,synthetic-generator,SYNTHETIC_DEMO
DEMO-0007,2025-06-01,3.7,4.6,27.1,591.2,2029-08-01,,,synthetic-generator,SYNTHETIC_DEMO
DEMO-0007,2025-07-01,5.4,6.4,37.6,591.2,2029-08-01,,,synthetic-generator,SYNTHETIC_DEMO
DEMO-0007,2025-08-01,6.7,9.1,53.6,591.2,2029-08-01,,,synthetic-generator,SYNTHETIC_DEMO
DEMO-0007,2025-09-01,7.5,9.3,55.2,591.2,2029-08-01,,,synthetic-generator,SYNTHETIC_DEMO
DEMO-0007,2025-10-01,8.8,11.8,69.9,591.2,2029-08-01,,,synthetic-generator,SYNTHETIC_DEMO
DEMO-0007,2025-11-01,10.3,11.5,67.8,591.2,2029-08-01,,,synthetic-generator,SYNTHETIC_DEMO
DEMO-0007,2025-12-01,11.5,13.5,79.9,591.2,2029-08-01,,,synthetic-generator,SYNTHETIC_DEMO
DEMO-0007,2026-01-01,12.4,13.1,77.5,591.2,2029-08-01,,,synthetic-generator,SYNTHETIC_DEMO
DEMO-0007,2026-02-01,14.1,15.8,93.7,591.2,2029-08-01,,,synthetic-generator,SYNTHETIC_DEMO
DEMO-0007,2026-03-01,14.9,19.9,117.5,591.2,2029-08-01,,,synthetic-generator,SYNTHETIC_DEMO
DEMO-0007,2026-04-01,15.4,20.8,122.7,591.2,2029-08-01,,,synthetic-generator,SYNTHETIC_DEMO
DEMO-0007,2026-05-01,17.0,21.3,125.9,591.2,2029-08-01,,,synthetic-generator,SYNTHETIC_DEMO
DEMO-0007,2026-06-01,17.9,23.6,139.7,591.2,2029-08-01,,,synthetic-generator,SYNTHETIC_DEMO
DEMO-0007,2026-07-01,18.8,23.5,139.2,591.2,2029-08-01,,,synthetic-generator,SYNTHETIC_DEMO
DEMO-0007,2026-08-01,20.3,20.0,118.5,591.2,2029-08-01,,,synthetic-generator,SYNTHETIC_DEMO
DEMO-0008,2025-03-01,2.1,2.7,24.1,892.6,2028-09-01,,,synthetic-generator,SYNTHETIC_DEMO
DEMO-0008,2025-04-01,3.1,3.9,34.7,892.6,2028-09-01,,,synthetic-generator,SYNTHETIC_DEMO
DEMO-0008,2025-05-01,4.0,5.1,45.2,892.6,2028-09-01,,,synthetic-generator,SYNTHETIC_DEMO
DEMO-0008,2025-06-01,5.5,6.8,60.9,892.6,2028-09-01,,,synthetic-generator,SYNTHETIC_DEMO
DEMO-0008,2025-07-01,7.0,7.5,66.5,892.6,2028-09-01,,,synthetic-generator,SYNTHETIC_DEMO
DEMO-0008,2025-08-01,7.9,9.9,88.0,892.6,2028-09-01,,,synthetic-generator,SYNTHETIC_DEMO
DEMO-0008,2025-09-01,9.1,12.0,107.3,892.6,2028-09-01,,,synthetic-generator,SYNTHETIC_DEMO
DEMO-0008,2025-10-01,11.2,12.7,113.4,892.6,2028-09-01,,,synthetic-generator,SYNTHETIC_DEMO
DEMO-0008,2025-11-01,12.3,13.1,116.6,892.6,2028-09-01,,,synthetic-generator,SYNTHETIC_DEMO
DEMO-0008,2025-12-01,13.5,17.5,155.8,892.6,2028-09-01,,,synthetic-generator,SYNTHETIC_DEMO
DEMO-0008,2026-01-01,14.7,15.9,141.5,892.6,2028-09-01,,,synthetic-generator,SYNTHETIC_DEMO
DEMO-0008,2026-02-01,16.5,18.3,163.7,892.6,2028-09-01,,,synthetic-generator,SYNTHETIC_DEMO
DEMO-0008,2026-03-01,18.1,20.0,178.2,892.6,2028-09-01,,,synthetic-generator,SYNTHETIC_DEMO
DEMO-0008,2026-04-01,20.5,21.2,189.2,892.6,2028-09-01,,,synthetic-generator,SYNTHETIC_DEMO
DEMO-0008,2026-05-01,21.9,23.5,209.9,892.6,2028-09-01,,,synthetic-generator,SYNTHETIC_DEMO
DEMO-0008,2026-06-01,24.0,24.5,219.1,892.6,2028-09-01,,,synthetic-generator,SYNTHETIC_DEMO
DEMO-0008,2026-07-01,24.8,31.0,276.7,892.6,2028-09-01,,,synthetic-generator,SYNTHETIC_DEMO
DEMO-0008,2026-08-01,26.1,26.4,235.3,892.6,2028-09-01,,,synthetic-generator,SYNTHETIC_DEMO
DEMO-0009,2025-03-01,1.8,2.0,19.0,938.9,2029-04-01,,,synthetic-generator,SYNTHETIC_DEMO
DEMO-0009,2025-04-01,3.9,4.2,39.9,938.9,2029-04-01,,,synthetic-generator,SYNTHETIC_DEMO
DEMO-0009,2025-05-01,5.5,5.5,51.8,938.9,2029-04-01,,,synthetic-generator,SYNTHETIC_DEMO
DEMO-0009,2025-06-01,6.7,7.6,71.2,938.9,2029-04-01,,,synthetic-generator,SYNTHETIC_DEMO
DEMO-0009,2025-07-01,8.1,8.5,79.7,938.9,2029-04-01,,,synthetic-generator,SYNTHETIC_DEMO
DEMO-0009,2025-08-01,10.1,11.6,109.1,938.9,2029-04-01,,,synthetic-generator,SYNTHETIC_DEMO
DEMO-0009,2025-09-01,11.9,12.3,115.3,938.9,2029-04-01,,,synthetic-generator,SYNTHETIC_DEMO
DEMO-0009,2025-10-01,13.5,16.3,153.3,938.9,2029-04-01,,,synthetic-generator,SYNTHETIC_DEMO
DEMO-0009,2025-11-01,14.7,15.3,144.1,938.9,2029-04-01,,,synthetic-generator,SYNTHETIC_DEMO
DEMO-0009,2025-12-01,16.0,15.6,146.9,938.9,2029-04-01,,,synthetic-generator,SYNTHETIC_DEMO
DEMO-0009,2026-01-01,17.9,18.7,176.0,938.9,2029-04-01,,,synthetic-generator,SYNTHETIC_DEMO
DEMO-0009,2026-02-01,19.0,22.3,209.2,938.9,2029-04-01,,,synthetic-generator,SYNTHETIC_DEMO
DEMO-0009,2026-03-01,20.1,23.7,222.6,938.9,2029-04-01,,,synthetic-generator,SYNTHETIC_DEMO
DEMO-0009,2026-04-01,20.8,25.8,242.5,938.9,2029-04-01,,,synthetic-generator,SYNTHETIC_DEMO
DEMO-0009,2026-05-01,22.6,23.6,222.0,938.9,2029-04-01,,,synthetic-generator,SYNTHETIC_DEMO
DEMO-0009,2026-06-01,24.5,33.0,310.0,938.9,2029-04-01,,,synthetic-generator,SYNTHETIC_DEMO
DEMO-0009,2026-07-01,25.7,33.4,313.3,938.9,2029-04-01,,,synthetic-generator,SYNTHETIC_DEMO
DEMO-0009,2026-08-01,27.0,33.2,311.6,938.9,2029-04-01,,,synthetic-generator,SYNTHETIC_DEMO
DEMO-0010,2025-03-01,3.7,4.2,14.1,334.8,2026-05-01,,,synthetic-generator,SYNTHETIC_DEMO
DEMO-0010,2025-04-01,5.9,7.1,23.8,334.8,2026-05-01,,,synthetic-generator,SYNTHETIC_DEMO
DEMO-0010,2025-05-01,8.3,8.1,27.0,334.8,2026-05-01,,,synthetic-generator,SYNTHETIC_DEMO
DEMO-0010,2025-06-01,12.0,14.4,48.1,334.8,2026-05-01,,,synthetic-generator,SYNTHETIC_DEMO
DEMO-0010,2025-07-01,13.0,17.2,57.6,334.8,2026-05-01,,,synthetic-generator,SYNTHETIC_DEMO
DEMO-0010,2025-08-01,14.9,19.3,64.6,334.8,2026-05-01,,,synthetic-generator,SYNTHETIC_DEMO
DEMO-0010,2025-09-01,16.1,18.2,61.1,334.8,2026-05-01,,,synthetic-generator,SYNTHETIC_DEMO
DEMO-0010,2025-10-01,17.5,22.9,76.6,334.8,2026-05-01,,,synthetic-generator,SYNTHETIC_DEMO
DEMO-0010,2025-11-01,19.7,24.9,83.5,334.8,2026-05-01,,,synthetic-generator,SYNTHETIC_DEMO
DEMO-0010,2025-12-01,21.6,28.3,94.7,334.8,2026-05-01,,,synthetic-generator,SYNTHETIC_DEMO
DEMO-0010,2026-01-01,24.7,23.7,79.2,334.8,2026-05-01,,,synthetic-generator,SYNTHETIC_DEMO
DEMO-0010,2026-02-01,26.6,28.2,94.4,334.8,2026-05-01,,,synthetic-generator,SYNTHETIC_DEMO
DEMO-0010,2026-03-01,29.5,32.6,109.2,334.8,2026-05-01,,,synthetic-generator,SYNTHETIC_DEMO
DEMO-0010,2026-04-01,32.5,41.0,137.2,334.8,2026-05-01,,,synthetic-generator,SYNTHETIC_DEMO
DEMO-0010,2026-05-01,35.0,40.0,133.8,334.8,2026-05-01,,,synthetic-generator,SYNTHETIC_DEMO
DEMO-0010,2026-06-01,37.7,47.5,159.1,334.8,2026-05-01,,,synthetic-generator,SYNTHETIC_DEMO
DEMO-0010,2026-07-01,38.9,38.6,129.3,334.8,2026-05-01,,,synthetic-generator,SYNTHETIC_DEMO
DEMO-0010,2026-08-01,42.6,53.9,180.3,334.8,2026-05-01,,,synthetic-generator,SYNTHETIC_DEMO
DEMO-0011,2025-03-01,0.9,1.1,17.6,1674.5,2030-04-01,,,synthetic-generator,SYNTHETIC_DEMO
DEMO-0011,2025-04-01,1.6,1.9,31.2,1674.5,2030-04-01,,,synthetic-generator,SYNTHETIC_DEMO
DEMO-0011,2025-05-01,2.7,2.9,48.2,1674.5,2030-04-01,,,synthetic-generator,SYNTHETIC_DEMO
DEMO-0011,2025-06-01,3.2,3.8,64.0,1674.5,2030-04-01,,,synthetic-generator,SYNTHETIC_DEMO
DEMO-0011,2025-07-01,3.7,4.1,68.0,1674.5,2030-04-01,,,synthetic-generator,SYNTHETIC_DEMO
DEMO-0011,2025-08-01,4.7,5.6,94.3,1674.5,2030-04-01,,,synthetic-generator,SYNTHETIC_DEMO
DEMO-0011,2025-09-01,5.4,5.3,89.0,1674.5,2030-04-01,,,synthetic-generator,SYNTHETIC_DEMO
DEMO-0011,2025-10-01,6.4,7.5,125.9,1674.5,2030-04-01,,,synthetic-generator,SYNTHETIC_DEMO
DEMO-0011,2025-11-01,6.8,8.5,142.6,1674.5,2030-04-01,,,synthetic-generator,SYNTHETIC_DEMO
DEMO-0011,2025-12-01,7.6,9.2,154.3,1674.5,2030-04-01,,,synthetic-generator,SYNTHETIC_DEMO
DEMO-0011,2026-01-01,8.3,8.2,137.9,1674.5,2030-04-01,,,synthetic-generator,SYNTHETIC_DEMO
DEMO-0011,2026-02-01,9.2,10.3,171.8,1674.5,2030-04-01,,,synthetic-generator,SYNTHETIC_DEMO
DEMO-0011,2026-03-01,9.8,9.8,164.4,1674.5,2030-04-01,,,synthetic-generator,SYNTHETIC_DEMO
DEMO-0011,2026-04-01,10.5,12.0,200.3,1674.5,2030-04-01,,,synthetic-generator,SYNTHETIC_DEMO
DEMO-0011,2026-05-01,11.4,10.9,182.1,1674.5,2030-04-01,,,synthetic-generator,SYNTHETIC_DEMO
DEMO-0011,2026-06-01,12.4,13.5,226.2,1674.5,2030-04-01,,,synthetic-generator,SYNTHETIC_DEMO
DEMO-0011,2026-07-01,13.4,17.1,286.1,1674.5,2030-04-01,,,synthetic-generator,SYNTHETIC_DEMO
DEMO-0011,2026-08-01,14.6,16.8,281.8,1674.5,2030-04-01,,,synthetic-generator,SYNTHETIC_DEMO
DEMO-0012,2025-03-01,0.9,1.1,11.4,1081.2,2030-10-01,,,synthetic-generator,SYNTHETIC_DEMO
DEMO-0012,2025-04-01,1.9,2.0,21.9,1081.2,2030-10-01,,,synthetic-generator,SYNTHETIC_DEMO
DEMO-0012,2025-05-01,3.4,3.9,41.7,1081.2,2030-10-01,,,synthetic-generator,SYNTHETIC_DEMO
DEMO-0012,2025-06-01,5.0,5.5,59.5,1081.2,2030-10-01,,,synthetic-generator,SYNTHETIC_DEMO
DEMO-0012,2025-07-01,6.5,7.9,84.9,1081.2,2030-10-01,,,synthetic-generator,SYNTHETIC_DEMO
DEMO-0012,2025-08-01,8.1,10.3,111.8,1081.2,2030-10-01,,,synthetic-generator,SYNTHETIC_DEMO
DEMO-0012,2025-09-01,9.8,11.8,128.1,1081.2,2030-10-01,,,synthetic-generator,SYNTHETIC_DEMO
DEMO-0012,2025-10-01,11.7,12.2,132.0,1081.2,2030-10-01,,,synthetic-generator,SYNTHETIC_DEMO
DEMO-0012,2025-11-01,12.6,13.9,150.7,1081.2,2030-10-01,,,synthetic-generator,SYNTHETIC_DEMO
DEMO-0012,2025-12-01,14.1,14.9,161.6,1081.2,2030-10-01,,,synthetic-generator,SYNTHETIC_DEMO
DEMO-0012,2026-01-01,15.0,17.4,188.5,1081.2,2030-10-01,,,synthetic-generator,SYNTHETIC_DEMO
DEMO-0012,2026-02-01,16.6,20.8,225.2,1081.2,2030-10-01,,,synthetic-generator,SYNTHETIC_DEMO
DEMO-0012,2026-03-01,17.5,20.1,217.2,1081.2,2030-10-01,,,synthetic-generator,SYNTHETIC_DEMO
DEMO-0012,2026-04-01,19.7,19.0,205.0,1081.2,2030-10-01,,,synthetic-generator,SYNTHETIC_DEMO
DEMO-0012,2026-05-01,21.2,25.2,272.7,1081.2,2030-10-01,,,synthetic-generator,SYNTHETIC_DEMO
DEMO-0012,2026-06-01,22.1,23.3,252.2,1081.2,2030-10-01,,,synthetic-generator,SYNTHETIC_DEMO
DEMO-0012,2026-07-01,23.9,31.8,343.9,1081.2,2030-10-01,,,synthetic-generator,SYNTHETIC_DEMO
DEMO-0012,2026-08-01,25.3,31.8,343.6,1081.2,2030-10-01,,,synthetic-generator,SYNTHETIC_DEMO
DEMO-0013,2025-03-01,0.9,1.2,25.2,2092.3,2028-12-01,,,synthetic-generator,SYNTHETIC_DEMO
DEMO-0013,2025-04-01,2.3,2.4,50.2,2092.3,2028-12-01,,,synthetic-generator,SYNTHETIC_DEMO
DEMO-0013,2025-05-01,3.3,3.2,67.4,2092.3,2028-12-01,,,synthetic-generator,SYNTHETIC_DEMO
DEMO-0013,2025-06-01,4.5,5.1,107.1,2092.3,2028-12-01,,,synthetic-generator,SYNTHETIC_DEMO
DEMO-0013,2025-07-01,5.3,6.6,138.7,2092.3,2028-12-01,,,synthetic-generator,SYNTHETIC_DEMO
DEMO-0013,2025-08-01,6.0,6.3,132.3,2092.3,2028-12-01,,,synthetic-generator,SYNTHETIC_DEMO
DEMO-0013,2025-09-01,6.9,7.5,156.9,2092.3,2028-12-01,,,synthetic-generator,SYNTHETIC_DEMO
DEMO-0013,2025-10-01,7.7,7.8,162.8,2092.3,2028-12-01,,,synthetic-generator,SYNTHETIC_DEMO
DEMO-0013,2025-11-01,8.1,9.7,202.3,2092.3,2028-12-01,,,synthetic-generator,SYNTHETIC_DEMO
DEMO-0013,2025-12-01,9.1,10.0,208.5,2092.3,2028-12-01,,,synthetic-generator,SYNTHETIC_DEMO
DEMO-0013,2026-01-01,10.6,14.0,291.9,2092.3,2028-12-01,,,synthetic-generator,SYNTHETIC_DEMO
DEMO-0013,2026-02-01,11.1,14.1,294.4,2092.3,2028-12-01,,,synthetic-generator,SYNTHETIC_DEMO
DEMO-0013,2026-03-01,11.8,12.5,261.7,2092.3,2028-12-01,,,synthetic-generator,SYNTHETIC_DEMO
DEMO-0013,2026-04-01,13.1,15.3,320.5,2092.3,2028-12-01,,,synthetic-generator,SYNTHETIC_DEMO
DEMO-0013,2026-05-01,14.0,15.8,330.9,2092.3,2028-12-01,,,synthetic-generator,SYNTHETIC_DEMO
DEMO-0013,2026-06-01,15.4,20.7,433.6,2092.3,2028-12-01,,,synthetic-generator,SYNTHETIC_DEMO
DEMO-0013,2026-07-01,16.4,18.3,383.6,2092.3,2028-12-01,,,synthetic-generator,SYNTHETIC_DEMO
DEMO-0013,2026-08-01,17.9,22.5,471.1,2092.3,2028-12-01,,,synthetic-generator,SYNTHETIC_DEMO
DEMO-0014,2025-03-01,0.4,0.4,2.0,464.7,2031-03-01,,,synthetic-generator,SYNTHETIC_DEMO
DEMO-0014,2025-04-01,0.4,0.5,2.5,464.7,2031-03-01,,,synthetic-generator,SYNTHETIC_DEMO
DEMO-0014,2025-05-01,1.1,1.6,7.3,464.7,2031-03-01,,,synthetic-generator,SYNTHETIC_DEMO
DEMO-0014,2025-06-01,1.5,1.9,9.0,464.7,2031-03-01,,,synthetic-generator,SYNTHETIC_DEMO
DEMO-0014,2025-07-01,2.1,2.1,9.6,464.7,2031-03-01,,,synthetic-generator,SYNTHETIC_DEMO
DEMO-0014,2025-08-01,2.4,3.5,16.4,464.7,2031-03-01,,,synthetic-generator,SYNTHETIC_DEMO
DEMO-0014,2025-09-01,3.3,5.5,25.6,464.7,2031-03-01,,,synthetic-generator,SYNTHETIC_DEMO
DEMO-0014,2025-10-01,3.8,4.6,21.2,464.7,2031-03-01,,,synthetic-generator,SYNTHETIC_DEMO
DEMO-0014,2025-11-01,4.3,6.8,31.4,464.7,2031-03-01,,,synthetic-generator,SYNTHETIC_DEMO
DEMO-0014,2025-12-01,4.3,4.8,22.3,464.7,2031-03-01,,,synthetic-generator,SYNTHETIC_DEMO
DEMO-0014,2026-01-01,4.9,6.5,30.3,464.7,2031-03-01,,,synthetic-generator,SYNTHETIC_DEMO
DEMO-0014,2026-02-01,5.7,8.2,37.9,464.7,2031-03-01,,,synthetic-generator,SYNTHETIC_DEMO
DEMO-0014,2026-03-01,6.3,8.1,37.7,464.7,2031-03-01,,,synthetic-generator,SYNTHETIC_DEMO
DEMO-0014,2026-04-01,6.9,8.0,37.4,464.7,2031-03-01,,,synthetic-generator,SYNTHETIC_DEMO
DEMO-0014,2026-05-01,7.3,7.7,35.6,464.7,2031-03-01,,,synthetic-generator,SYNTHETIC_DEMO
DEMO-0014,2026-06-01,8.0,8.3,38.4,464.7,2031-03-01,,,synthetic-generator,SYNTHETIC_DEMO
DEMO-0014,2026-07-01,8.0,10.5,48.9,464.7,2031-03-01,,,synthetic-generator,SYNTHETIC_DEMO
DEMO-0014,2026-08-01,8.4,13.6,63.3,464.7,2031-03-01,,,synthetic-generator,SYNTHETIC_DEMO
DEMO-0015,2025-03-01,1.1,1.2,22.9,1900.6,2030-05-01,,,synthetic-generator,SYNTHETIC_DEMO
DEMO-0015,2025-04-01,2.1,2.5,47.7,1900.6,2030-05-01,,,synthetic-generator,SYNTHETIC_DEMO
DEMO-0015,2025-05-01,2.9,3.0,56.1,1900.6,2030-05-01,,,synthetic-generator,SYNTHETIC_DEMO
DEMO-0015,2025-06-01,3.7,4.5,84.8,1900.6,2030-05-01,,,synthetic-generator,SYNTHETIC_DEMO
DEMO-0015,2025-07-01,4.8,5.6,107.1,1900.6,2030-05-01,,,synthetic-generator,SYNTHETIC_DEMO
DEMO-0015,2025-08-01,5.9,6.3,119.4,1900.6,2030-05-01,,,synthetic-generator,SYNTHETIC_DEMO
DEMO-0015,2025-09-01,7.0,9.3,176.9,1900.6,2030-05-01,,,synthetic-generator,SYNTHETIC_DEMO
DEMO-0015,2025-10-01,7.5,7.2,137.6,1900.6,2030-05-01,,,synthetic-generator,SYNTHETIC_DEMO
DEMO-0015,2025-11-01,9.3,12.0,227.7,1900.6,2030-05-01,,,synthetic-generator,SYNTHETIC_DEMO
DEMO-0015,2025-12-01,10.0,9.9,188.8,1900.6,2030-05-01,,,synthetic-generator,SYNTHETIC_DEMO
DEMO-0015,2026-01-01,11.4,15.0,284.8,1900.6,2030-05-01,,,synthetic-generator,SYNTHETIC_DEMO
DEMO-0015,2026-02-01,12.9,13.8,261.9,1900.6,2030-05-01,,,synthetic-generator,SYNTHETIC_DEMO
DEMO-0015,2026-03-01,14.3,18.6,352.6,1900.6,2030-05-01,,,synthetic-generator,SYNTHETIC_DEMO
DEMO-0015,2026-04-01,15.5,15.8,300.0,1900.6,2030-05-01,,,synthetic-generator,SYNTHETIC_DEMO
DEMO-0015,2026-05-01,16.9,16.3,309.3,1900.6,2030-05-01,,,synthetic-generator,SYNTHETIC_DEMO
DEMO-0015,2026-06-01,18.1,23.6,449.3,1900.6,2030-05-01,,,synthetic-generator,SYNTHETIC_DEMO
DEMO-0015,2026-07-01,18.8,25.2,478.3,1900.6,2030-05-01,,,synthetic-generator,SYNTHETIC_DEMO
DEMO-0015,2026-08-01,20.3,20.2,383.5,1900.6,2030-05-01,,,synthetic-generator,SYNTHETIC_DEMO
DEMO-0016,2025-03-01,1.9,2.1,30.2,1447.8,2026-08-01,,,synthetic-generator,SYNTHETIC_DEMO
DEMO-0016,2025-04-01,4.3,5.3,76.3,1447.8,2026-08-01,,,synthetic-generator,SYNTHETIC_DEMO
DEMO-0016,2025-05-01,7.5,9.3,134.2,1447.8,2026-08-01,,,synthetic-generator,SYNTHETIC_DEMO
DEMO-0016,2025-06-01,9.4,9.4,136.4,1447.8,2026-08-01,,,synthetic-generator,SYNTHETIC_DEMO
DEMO-0016,2025-07-01,14.0,14.4,207.9,1447.8,2026-08-01,,,synthetic-generator,SYNTHETIC_DEMO
DEMO-0016,2025-08-01,16.9,22.6,327.7,1447.8,2026-08-01,,,synthetic-generator,SYNTHETIC_DEMO
DEMO-0016,2025-09-01,19.3,22.7,328.1,1447.8,2026-08-01,,,synthetic-generator,SYNTHETIC_DEMO
DEMO-0016,2025-10-01,21.1,20.1,290.3,1447.8,2026-08-01,,,synthetic-generator,SYNTHETIC_DEMO
DEMO-0016,2025-11-01,22.2,21.4,309.9,1447.8,2026-08-01,,,synthetic-generator,SYNTHETIC_DEMO
DEMO-0016,2025-12-01,25.3,26.3,380.3,1447.8,2026-08-01,,,synthetic-generator,SYNTHETIC_DEMO
DEMO-0016,2026-01-01,27.2,28.6,414.5,1447.8,2026-08-01,,,synthetic-generator,SYNTHETIC_DEMO
DEMO-0016,2026-02-01,29.4,37.2,538.8,1447.8,2026-08-01,,,synthetic-generator,SYNTHETIC_DEMO
DEMO-0016,2026-03-01,31.2,34.9,505.4,1447.8,2026-08-01,,,synthetic-generator,SYNTHETIC_DEMO
DEMO-0016,2026-04-01,33.8,32.9,476.2,1447.8,2026-08-01,,,synthetic-generator,SYNTHETIC_DEMO
DEMO-0016,2026-05-01,36.5,37.0,535.7,1447.8,2026-08-01,,,synthetic-generator,SYNTHETIC_DEMO
DEMO-0016,2026-06-01,38.2,37.9,549.0,1447.8,2026-08-01,,,synthetic-generator,SYNTHETIC_DEMO
DEMO-0016,2026-07-01,41.7,45.1,652.6,1447.8,2026-08-01,,,synthetic-generator,SYNTHETIC_DEMO
DEMO-0016,2026-08-01,44.1,55.9,809.9,1447.8,2026-08-01,,,synthetic-generator,SYNTHETIC_DEMO
DEMO-0017,2025-03-01,2.1,2.7,9.6,350.3,2028-12-01,,,synthetic-generator,SYNTHETIC_DEMO
DEMO-0017,2025-04-01,3.4,4.3,15.1,350.3,2028-12-01,,,synthetic-generator,SYNTHETIC_DEMO
DEMO-0017,2025-05-01,4.1,4.5,15.8,350.3,2028-12-01,,,synthetic-generator,SYNTHETIC_DEMO
DEMO-0017,2025-06-01,4.8,5.1,18.0,350.3,2028-12-01,,,synthetic-generator,SYNTHETIC_DEMO
DEMO-0017,2025-07-01,5.6,6.3,22.0,350.3,2028-12-01,,,synthetic-generator,SYNTHETIC_DEMO
DEMO-0017,2025-08-01,7.1,8.8,31.0,350.3,2028-12-01,,,synthetic-generator,SYNTHETIC_DEMO
DEMO-0017,2025-09-01,9.2,11.9,41.6,350.3,2028-12-01,,,synthetic-generator,SYNTHETIC_DEMO
DEMO-0017,2025-10-01,11.1,11.0,38.6,350.3,2028-12-01,,,synthetic-generator,SYNTHETIC_DEMO
DEMO-0017,2025-11-01,12.4,12.9,45.3,350.3,2028-12-01,,,synthetic-generator,SYNTHETIC_DEMO
DEMO-0017,2025-12-01,13.6,13.1,45.8,350.3,2028-12-01,,,synthetic-generator,SYNTHETIC_DEMO
DEMO-0017,2026-01-01,15.3,19.8,69.3,350.3,2028-12-01,,,synthetic-generator,SYNTHETIC_DEMO
DEMO-0017,2026-02-01,16.0,18.0,62.9,350.3,2028-12-01,,,synthetic-generator,SYNTHETIC_DEMO
DEMO-0017,2026-03-01,16.3,16.3,57.2,350.3,2028-12-01,,,synthetic-generator,SYNTHETIC_DEMO
DEMO-0017,2026-04-01,17.8,18.0,63.1,350.3,2028-12-01,,,synthetic-generator,SYNTHETIC_DEMO
DEMO-0017,2026-05-01,19.1,24.1,84.4,350.3,2028-12-01,,,synthetic-generator,SYNTHETIC_DEMO
DEMO-0017,2026-06-01,20.7,26.1,91.5,350.3,2028-12-01,,,synthetic-generator,SYNTHETIC_DEMO
DEMO-0017,2026-07-01,22.5,22.3,78.2,350.3,2028-12-01,,,synthetic-generator,SYNTHETIC_DEMO
DEMO-0017,2026-08-01,24.6,28.2,98.7,350.3,2028-12-01,,,synthetic-generator,SYNTHETIC_DEMO
DEMO-0018,2025-03-01,0.8,1.0,4.9,502.7,2031-08-01,,,synthetic-generator,SYNTHETIC_DEMO
DEMO-0018,2025-04-01,2.3,2.7,13.8,502.7,2031-08-01,,,synthetic-generator,SYNTHETIC_DEMO
DEMO-0018,2025-05-01,3.1,4.1,20.6,502.7,2031-08-01,,,synthetic-generator,SYNTHETIC_DEMO
DEMO-0018,2025-06-01,4.5,4.7,23.8,502.7,2031-08-01,,,synthetic-generator,SYNTHETIC_DEMO
DEMO-0018,2025-07-01,4.8,5.3,26.5,502.7,2031-08-01,,,synthetic-generator,SYNTHETIC_DEMO
DEMO-0018,2025-08-01,6.0,6.4,32.1,502.7,2031-08-01,,,synthetic-generator,SYNTHETIC_DEMO
DEMO-0018,2025-09-01,7.4,9.8,49.5,502.7,2031-08-01,,,synthetic-generator,SYNTHETIC_DEMO
DEMO-0018,2025-10-01,7.9,8.0,40.3,502.7,2031-08-01,,,synthetic-generator,SYNTHETIC_DEMO
DEMO-0018,2025-11-01,9.0,8.9,44.6,502.7,2031-08-01,,,synthetic-generator,SYNTHETIC_DEMO
DEMO-0018,2025-12-01,10.3,12.5,63.0,502.7,2031-08-01,,,synthetic-generator,SYNTHETIC_DEMO
DEMO-0018,2026-01-01,11.2,13.9,69.7,502.7,2031-08-01,,,synthetic-generator,SYNTHETIC_DEMO
DEMO-0018,2026-02-01,12.0,14.6,73.3,502.7,2031-08-01,,,synthetic-generator,SYNTHETIC_DEMO
DEMO-0018,2026-03-01,13.5,15.3,77.1,502.7,2031-08-01,,,synthetic-generator,SYNTHETIC_DEMO
DEMO-0018,2026-04-01,14.9,18.8,94.3,502.7,2031-08-01,,,synthetic-generator,SYNTHETIC_DEMO
DEMO-0018,2026-05-01,15.6,20.2,101.5,502.7,2031-08-01,,,synthetic-generator,SYNTHETIC_DEMO
DEMO-0018,2026-06-01,16.5,21.3,107.3,502.7,2031-08-01,,,synthetic-generator,SYNTHETIC_DEMO
DEMO-0018,2026-07-01,17.6,22.3,111.9,502.7,2031-08-01,,,synthetic-generator,SYNTHETIC_DEMO
DEMO-0018,2026-08-01,19.0,18.1,91.2,502.7,2031-08-01,,,synthetic-generator,SYNTHETIC_DEMO
DEMO-0019,2025-03-01,0.8,0.8,17.1,2040.5,2027-09-01,,,synthetic-generator,SYNTHETIC_DEMO
DEMO-0019,2025-04-01,3.0,3.7,75.3,2040.5,2027-09-01,,,synthetic-generator,SYNTHETIC_DEMO
DEMO-0019,2025-05-01,6.2,6.8,139.6,2040.5,2027-09-01,,,synthetic-generator,SYNTHETIC_DEMO
DEMO-0019,2025-06-01,7.3,8.8,180.5,2040.5,2027-09-01,,,synthetic-generator,SYNTHETIC_DEMO
DEMO-0019,2025-07-01,9.5,9.2,187.3,2040.5,2027-09-01,,,synthetic-generator,SYNTHETIC_DEMO
DEMO-0019,2025-08-01,11.2,14.0,286.0,2040.5,2027-09-01,,,synthetic-generator,SYNTHETIC_DEMO
DEMO-0019,2025-09-01,12.7,14.3,292.8,2040.5,2027-09-01,,,synthetic-generator,SYNTHETIC_DEMO
DEMO-0019,2025-10-01,14.5,14.0,286.0,2040.5,2027-09-01,,,synthetic-generator,SYNTHETIC_DEMO
DEMO-0019,2025-11-01,16.4,21.6,441.3,2040.5,2027-09-01,,,synthetic-generator,SYNTHETIC_DEMO
DEMO-0019,2025-12-01,19.5,19.8,404.7,2040.5,2027-09-01,,,synthetic-generator,SYNTHETIC_DEMO
DEMO-0019,2026-01-01,21.7,29.2,596.2,2040.5,2027-09-01,,,synthetic-generator,SYNTHETIC_DEMO
DEMO-0019,2026-02-01,23.7,29.4,599.2,2040.5,2027-09-01,,,synthetic-generator,SYNTHETIC_DEMO
DEMO-0019,2026-03-01,25.6,27.4,559.0,2040.5,2027-09-01,,,synthetic-generator,SYNTHETIC_DEMO
DEMO-0019,2026-04-01,27.5,26.8,545.9,2040.5,2027-09-01,,,synthetic-generator,SYNTHETIC_DEMO
DEMO-0019,2026-05-01,30.4,34.0,693.9,2040.5,2027-09-01,,,synthetic-generator,SYNTHETIC_DEMO
DEMO-0019,2026-06-01,32.0,35.9,732.4,2040.5,2027-09-01,,,synthetic-generator,SYNTHETIC_DEMO
DEMO-0019,2026-07-01,33.7,39.5,807.0,2040.5,2027-09-01,,,synthetic-generator,SYNTHETIC_DEMO
DEMO-0019,2026-08-01,36.4,42.1,859.3,2040.5,2027-09-01,,,synthetic-generator,SYNTHETIC_DEMO
DEMO-0020,2025-03-01,1.0,1.1,32.7,2922.9,2028-05-01,,,synthetic-generator,SYNTHETIC_DEMO
DEMO-0020,2025-04-01,2.5,3.1,91.2,2922.9,2028-05-01,,,synthetic-generator,SYNTHETIC_DEMO
DEMO-0020,2025-05-01,4.0,4.8,140.8,2922.9,2028-05-01,,,synthetic-generator,SYNTHETIC_DEMO
DEMO-0020,2025-06-01,5.5,6.6,193.1,2922.9,2028-05-01,,,synthetic-generator,SYNTHETIC_DEMO
DEMO-0020,2025-07-01,7.1,8.1,237.3,2922.9,2028-05-01,,,synthetic-generator,SYNTHETIC_DEMO
DEMO-0020,2025-08-01,8.6,10.1,294.7,2922.9,2028-05-01,,,synthetic-generator,SYNTHETIC_DEMO
DEMO-0020,2025-09-01,10.0,11.4,333.9,2922.9,2028-05-01,,,synthetic-generator,SYNTHETIC_DEMO
DEMO-0020,2025-10-01,12.5,14.1,411.6,2922.9,2028-05-01,,,synthetic-generator,SYNTHETIC_DEMO
DEMO-0020,2025-11-01,14.1,13.5,393.6,2922.9,2028-05-01,,,synthetic-generator,SYNTHETIC_DEMO
DEMO-0020,2025-12-01,15.8,18.8,550.6,2922.9,2028-05-01,,,synthetic-generator,SYNTHETIC_DEMO
DEMO-0020,2026-01-01,16.1,20.8,608.5,2922.9,2028-05-01,,,synthetic-generator,SYNTHETIC_DEMO
DEMO-0020,2026-02-01,17.6,20.8,609.3,2922.9,2028-05-01,,,synthetic-generator,SYNTHETIC_DEMO
DEMO-0020,2026-03-01,19.2,23.0,672.5,2922.9,2028-05-01,,,synthetic-generator,SYNTHETIC_DEMO
DEMO-0020,2026-04-01,21.6,23.5,686.7,2922.9,2028-05-01,,,synthetic-generator,SYNTHETIC_DEMO
DEMO-0020,2026-05-01,23.3,23.0,673.5,2922.9,2028-05-01,,,synthetic-generator,SYNTHETIC_DEMO
DEMO-0020,2026-06-01,24.9,30.9,904.3,2922.9,2028-05-01,,,synthetic-generator,SYNTHETIC_DEMO
DEMO-0020,2026-07-01,27.7,33.8,987.9,2922.9,2028-05-01,,,synthetic-generator,SYNTHETIC_DEMO
DEMO-0020,2026-08-01,29.0,32.6,953.6,2922.9,2028-05-01,,,synthetic-generator,SYNTHETIC_DEMO
DEMO-0021,2025-03-01,2.7,2.8,46.1,1626.8,2026-07-01,,,synthetic-generator,SYNTHETIC_DEMO
DEMO-0021,2025-04-01,4.7,5.6,90.3,1626.8,2026-07-01,,,synthetic-generator,SYNTHETIC_DEMO
DEMO-0021,2025-05-01,7.2,7.2,117.9,1626.8,2026-07-01,,,synthetic-generator,SYNTHETIC_DEMO
DEMO-0021,2025-06-01,8.5,9.8,160.2,1626.8,2026-07-01,,,synthetic-generator,SYNTHETIC_DEMO
DEMO-0021,2025-07-01,11.5,12.0,195.1,1626.8,2026-07-01,,,synthetic-generator,SYNTHETIC_DEMO
DEMO-0021,2025-08-01,13.8,16.7,271.6,1626.8,2026-07-01,,,synthetic-generator,SYNTHETIC_DEMO
DEMO-0021,2025-09-01,16.4,21.4,347.8,1626.8,2026-07-01,,,synthetic-generator,SYNTHETIC_DEMO
DEMO-0021,2025-10-01,18.8,24.2,393.9,1626.8,2026-07-01,,,synthetic-generator,SYNTHETIC_DEMO
DEMO-0021,2025-11-01,20.4,25.2,410.6,1626.8,2026-07-01,,,synthetic-generator,SYNTHETIC_DEMO
DEMO-0021,2025-12-01,23.0,29.0,471.9,1626.8,2026-07-01,,,synthetic-generator,SYNTHETIC_DEMO
DEMO-0021,2026-01-01,25.5,29.4,478.7,1626.8,2026-07-01,,,synthetic-generator,SYNTHETIC_DEMO
DEMO-0021,2026-02-01,29.0,34.0,553.5,1626.8,2026-07-01,,,synthetic-generator,SYNTHETIC_DEMO
DEMO-0021,2026-03-01,31.1,40.4,657.3,1626.8,2026-07-01,,,synthetic-generator,SYNTHETIC_DEMO
DEMO-0021,2026-04-01,34.2,32.9,535.5,1626.8,2026-07-01,,,synthetic-generator,SYNTHETIC_DEMO
DEMO-0021,2026-05-01,36.9,41.8,679.4,1626.8,2026-07-01,,,synthetic-generator,SYNTHETIC_DEMO
DEMO-0021,2026-06-01,39.8,38.7,629.9,1626.8,2026-07-01,,,synthetic-generator,SYNTHETIC_DEMO
DEMO-0021,2026-07-01,42.9,54.0,877.9,1626.8,2026-07-01,,,synthetic-generator,SYNTHETIC_DEMO
DEMO-0021,2026-08-01,45.4,60.2,979.5,1626.8,2026-07-01,,,synthetic-generator,SYNTHETIC_DEMO
DEMO-0022,2025-03-01,1.5,1.9,14.1,730.9,2027-08-01,,,synthetic-generator,SYNTHETIC_DEMO
DEMO-0022,2025-04-01,3.1,3.7,27.0,730.9,2027-08-01,,,synthetic-generator,SYNTHETIC_DEMO
DEMO-0022,2025-05-01,4.8,5.2,38.0,730.9,2027-08-01,,,synthetic-generator,SYNTHETIC_DEMO
DEMO-0022,2025-06-01,6.7,8.7,63.4,730.9,2027-08-01,,,synthetic-generator,SYNTHETIC_DEMO
DEMO-0022,2025-07-01,7.9,9.6,70.5,730.9,2027-08-01,,,synthetic-generator,SYNTHETIC_DEMO
DEMO-0022,2025-08-01,10.0,11.6,84.5,730.9,2027-08-01,,,synthetic-generator,SYNTHETIC_DEMO
DEMO-0022,2025-09-01,11.8,13.4,97.7,730.9,2027-08-01,,,synthetic-generator,SYNTHETIC_DEMO
DEMO-0022,2025-10-01,13.8,18.5,135.5,730.9,2027-08-01,,,synthetic-generator,SYNTHETIC_DEMO
DEMO-0022,2025-11-01,15.7,16.6,121.3,730.9,2027-08-01,,,synthetic-generator,SYNTHETIC_DEMO
DEMO-0022,2025-12-01,17.3,22.3,163.1,730.9,2027-08-01,,,synthetic-generator,SYNTHETIC_DEMO
DEMO-0022,2026-01-01,19.6,22.0,160.9,730.9,2027-08-01,,,synthetic-generator,SYNTHETIC_DEMO
DEMO-0022,2026-02-01,21.4,24.7,180.5,730.9,2027-08-01,,,synthetic-generator,SYNTHETIC_DEMO
DEMO-0022,2026-03-01,23.0,28.4,207.3,730.9,2027-08-01,,,synthetic-generator,SYNTHETIC_DEMO
DEMO-0022,2026-04-01,23.6,24.2,177.1,730.9,2027-08-01,,,synthetic-generator,SYNTHETIC_DEMO
DEMO-0022,2026-05-01,25.0,29.7,217.0,730.9,2027-08-01,,,synthetic-generator,SYNTHETIC_DEMO
DEMO-0022,2026-06-01,27.2,30.2,220.8,730.9,2027-08-01,,,synthetic-generator,SYNTHETIC_DEMO
DEMO-0022,2026-07-01,29.2,33.3,243.3,730.9,2027-08-01,,,synthetic-generator,SYNTHETIC_DEMO
DEMO-0022,2026-08-01,31.5,41.8,305.5,730.9,2027-08-01,,,synthetic-generator,SYNTHETIC_DEMO
DEMO-0023,2025-03-01,1.4,1.4,6.1,422.3,2028-10-01,,,synthetic-generator,SYNTHETIC_DEMO
DEMO-0023,2025-04-01,3.0,3.8,16.2,422.3,2028-10-01,,,synthetic-generator,SYNTHETIC_DEMO
DEMO-0023,2025-05-01,4.5,4.7,19.8,422.3,2028-10-01,,,synthetic-generator,SYNTHETIC_DEMO
DEMO-0023,2025-06-01,6.0,7.7,32.4,422.3,2028-10-01,,,synthetic-generator,SYNTHETIC_DEMO
DEMO-0023,2025-07-01,7.2,7.9,33.4,422.3,2028-10-01,,,synthetic-generator,SYNTHETIC_DEMO
DEMO-0023,2025-08-01,8.0,8.2,34.5,422.3,2028-10-01,,,synthetic-generator,SYNTHETIC_DEMO
DEMO-0023,2025-09-01,9.6,9.5,40.2,422.3,2028-10-01,,,synthetic-generator,SYNTHETIC_DEMO
DEMO-0023,2025-10-01,11.0,11.0,46.4,422.3,2028-10-01,,,synthetic-generator,SYNTHETIC_DEMO
DEMO-0023,2025-11-01,12.4,15.1,63.8,422.3,2028-10-01,,,synthetic-generator,SYNTHETIC_DEMO
DEMO-0023,2025-12-01,14.0,13.4,56.5,422.3,2028-10-01,,,synthetic-generator,SYNTHETIC_DEMO
DEMO-0023,2026-01-01,14.7,15.9,67.0,422.3,2028-10-01,,,synthetic-generator,SYNTHETIC_DEMO
DEMO-0023,2026-02-01,16.3,19.1,80.5,422.3,2028-10-01,,,synthetic-generator,SYNTHETIC_DEMO
DEMO-0023,2026-03-01,17.3,20.1,84.8,422.3,2028-10-01,,,synthetic-generator,SYNTHETIC_DEMO
DEMO-0023,2026-04-01,18.6,22.5,95.1,422.3,2028-10-01,,,synthetic-generator,SYNTHETIC_DEMO
DEMO-0023,2026-05-01,19.6,19.3,81.7,422.3,2028-10-01,,,synthetic-generator,SYNTHETIC_DEMO
DEMO-0023,2026-06-01,21.2,22.7,95.8,422.3,2028-10-01,,,synthetic-generator,SYNTHETIC_DEMO
DEMO-0023,2026-07-01,22.7,23.9,101.0,422.3,2028-10-01,,,synthetic-generator,SYNTHETIC_DEMO
DEMO-0023,2026-08-01,23.5,27.0,114.2,422.3,2028-10-01,,,synthetic-generator,SYNTHETIC_DEMO
DEMO-0024,2025-03-01,2.0,2.1,35.0,1647.7,2027-08-01,,,synthetic-generator,SYNTHETIC_DEMO
DEMO-0024,2025-04-01,4.0,4.7,78.0,1647.7,2027-08-01,,,synthetic-generator,SYNTHETIC_DEMO
DEMO-0024,2025-05-01,5.7,7.0,114.7,1647.7,2027-08-01,,,synthetic-generator,SYNTHETIC_DEMO
DEMO-0024,2025-06-01,6.9,7.2,118.2,1647.7,2027-08-01,,,synthetic-generator,SYNTHETIC_DEMO
DEMO-0024,2025-07-01,9.6,10.0,165.0,1647.7,2027-08-01,,,synthetic-generator,SYNTHETIC_DEMO
DEMO-0024,2025-08-01,11.2,12.3,202.1,1647.7,2027-08-01,,,synthetic-generator,SYNTHETIC_DEMO
DEMO-0024,2025-09-01,12.6,14.4,237.5,1647.7,2027-08-01,,,synthetic-generator,SYNTHETIC_DEMO
DEMO-0024,2025-10-01,14.4,15.7,258.9,1647.7,2027-08-01,,,synthetic-generator,SYNTHETIC_DEMO
DEMO-0024,2025-11-01,16.7,18.9,311.9,1647.7,2027-08-01,,,synthetic-generator,SYNTHETIC_DEMO
DEMO-0024,2025-12-01,18.0,18.0,296.9,1647.7,2027-08-01,,,synthetic-generator,SYNTHETIC_DEMO
DEMO-0024,2026-01-01,19.6,22.8,375.2,1647.7,2027-08-01,,,synthetic-generator,SYNTHETIC_DEMO
DEMO-0024,2026-02-01,21.5,22.7,374.0,1647.7,2027-08-01,,,synthetic-generator,SYNTHETIC_DEMO
DEMO-0024,2026-03-01,23.5,29.7,489.1,1647.7,2027-08-01,,,synthetic-generator,SYNTHETIC_DEMO
DEMO-0024,2026-04-01,25.6,30.6,503.9,1647.7,2027-08-01,,,synthetic-generator,SYNTHETIC_DEMO
DEMO-0024,2026-05-01,27.9,36.7,604.6,1647.7,2027-08-01,,,synthetic-generator,SYNTHETIC_DEMO
DEMO-0024,2026-06-01,29.0,37.9,624.2,1647.7,2027-08-01,,,synthetic-generator,SYNTHETIC_DEMO
DEMO-0024,2026-07-01,31.3,38.3,630.8,1647.7,2027-08-01,,,synthetic-generator,SYNTHETIC_DEMO
DEMO-0024,2026-08-01,32.9,42.1,694.3,1647.7,2027-08-01,,,synthetic-generator,SYNTHETIC_DEMO
DEMO-0025,2025-03-01,1.4,1.8,43.4,2453.3,2028-04-01,,,synthetic-generator,SYNTHETIC_DEMO
DEMO-0025,2025-04-01,3.3,3.7,91.8,2453.3,2028-04-01,,,synthetic-generator,SYNTHETIC_DEMO
DEMO-0025,2025-05-01,4.2,5.5,135.8,2453.3,2028-04-01,,,synthetic-generator,SYNTHETIC_DEMO
DEMO-0025,2025-06-01,5.7,5.8,141.4,2453.3,2028-04-01,,,synthetic-generator,SYNTHETIC_DEMO
DEMO-0025,2025-07-01,7.3,8.7,212.6,2453.3,2028-04-01,,,synthetic-generator,SYNTHETIC_DEMO
DEMO-0025,2025-08-01,8.9,9.1,222.4,2453.3,2028-04-01,,,synthetic-generator,SYNTHETIC_DEMO
DEMO-0025,2025-09-01,10.4,10.6,261.0,2453.3,2028-04-01,,,synthetic-generator,SYNTHETIC_DEMO
DEMO-0025,2025-10-01,11.3,12.5,307.3,2453.3,2028-04-01,,,synthetic-generator,SYNTHETIC_DEMO
DEMO-0025,2025-11-01,12.1,11.6,284.0,2453.3,2028-04-01,,,synthetic-generator,SYNTHETIC_DEMO
DEMO-0025,2025-12-01,13.1,12.7,311.1,2453.3,2028-04-01,,,synthetic-generator,SYNTHETIC_DEMO
DEMO-0025,2026-01-01,14.4,14.5,355.2,2453.3,2028-04-01,,,synthetic-generator,SYNTHETIC_DEMO
DEMO-0025,2026-02-01,15.7,16.6,407.8,2453.3,2028-04-01,,,synthetic-generator,SYNTHETIC_DEMO
DEMO-0025,2026-03-01,17.8,19.6,481.5,2453.3,2028-04-01,,,synthetic-generator,SYNTHETIC_DEMO
DEMO-0025,2026-04-01,19.0,19.4,476.9,2453.3,2028-04-01,,,synthetic-generator,SYNTHETIC_DEMO
DEMO-0025,2026-05-01,19.7,22.3,546.4,2453.3,2028-04-01,,,synthetic-generator,SYNTHETIC_DEMO
DEMO-0025,2026-06-01,20.6,26.6,653.0,2453.3,2028-04-01,,,synthetic-generator,SYNTHETIC_DEMO
DEMO-0025,2026-07-01,22.3,22.5,551.4,2453.3,2028-04-01,,,synthetic-generator,SYNTHETIC_DEMO
DEMO-0025,2026-08-01,24.0,29.8,731.9,2453.3,2028-04-01,,,synthetic-generator,SYNTHETIC_DEMO
DEMO-0026,2025-03-01,1.2,1.2,17.7,1438.0,2028-11-01,,,synthetic-generator,SYNTHETIC_DEMO
DEMO-0026,2025-04-01,2.8,3.6,52.3,1438.0,2028-11-01,,,synthetic-generator,SYNTHETIC_DEMO
DEMO-0026,2025-05-01,4.2,4.1,59.4,1438.0,2028-11-01,,,synthetic-generator,SYNTHETIC_DEMO
DEMO-0026,2025-06-01,5.2,6.5,93.7,1438.0,2028-11-01,,,synthetic-generator,SYNTHETIC_DEMO
DEMO-0026,2025-07-01,6.7,7.3,105.2,1438.0,2028-11-01,,,synthetic-generator,SYNTHETIC_DEMO
DEMO-0026,2025-08-01,8.2,8.0,114.7,1438.0,2028-11-01,,,synthetic-generator,SYNTHETIC_DEMO
DEMO-0026,2025-09-01,9.5,9.1,131.1,1438.0,2028-11-01,,,synthetic-generator,SYNTHETIC_DEMO
DEMO-0026,2025-10-01,10.5,10.4,149.1,1438.0,2028-11-01,,,synthetic-generator,SYNTHETIC_DEMO
DEMO-0026,2025-11-01,11.6,14.6,210.3,1438.0,2028-11-01,,,synthetic-generator,SYNTHETIC_DEMO
DEMO-0026,2025-12-01,12.7,13.1,188.3,1438.0,2028-11-01,,,synthetic-generator,SYNTHETIC_DEMO
DEMO-0026,2026-01-01,14.0,17.4,249.6,1438.0,2028-11-01,,,synthetic-generator,SYNTHETIC_DEMO
DEMO-0026,2026-02-01,15.0,15.3,219.9,1438.0,2028-11-01,,,synthetic-generator,SYNTHETIC_DEMO
DEMO-0026,2026-03-01,16.3,19.8,284.8,1438.0,2028-11-01,,,synthetic-generator,SYNTHETIC_DEMO
DEMO-0026,2026-04-01,17.2,21.7,312.7,1438.0,2028-11-01,,,synthetic-generator,SYNTHETIC_DEMO
DEMO-0026,2026-05-01,18.5,19.4,278.7,1438.0,2028-11-01,,,synthetic-generator,SYNTHETIC_DEMO
DEMO-0026,2026-06-01,20.0,19.0,273.2,1438.0,2028-11-01,,,synthetic-generator,SYNTHETIC_DEMO
DEMO-0026,2026-07-01,20.9,21.5,309.6,1438.0,2028-11-01,,,synthetic-generator,SYNTHETIC_DEMO
DEMO-0026,2026-08-01,23.0,29.0,417.1,1438.0,2028-11-01,,,synthetic-generator,SYNTHETIC_DEMO
DEMO-0027,2025-03-01,0.7,1.1,10.4,947.7,2031-12-01,,,synthetic-generator,SYNTHETIC_DEMO
DEMO-0027,2025-04-01,1.5,1.7,16.4,947.7,2031-12-01,,,synthetic-generator,SYNTHETIC_DEMO
DEMO-0027,2025-05-01,2.0,2.9,27.8,947.7,2031-12-01,,,synthetic-generator,SYNTHETIC_DEMO
DEMO-0027,2025-06-01,2.4,2.8,26.7,947.7,2031-12-01,,,synthetic-generator,SYNTHETIC_DEMO
DEMO-0027,2025-07-01,2.4,3.5,33.1,947.7,2031-12-01,,,synthetic-generator,SYNTHETIC_DEMO
DEMO-0027,2025-08-01,2.8,4.7,44.6,947.7,2031-12-01,,,synthetic-generator,SYNTHETIC_DEMO
DEMO-0027,2025-09-01,3.6,5.9,56.3,947.7,2031-12-01,,,synthetic-generator,SYNTHETIC_DEMO
DEMO-0027,2025-10-01,4.4,6.2,59.0,947.7,2031-12-01,,,synthetic-generator,SYNTHETIC_DEMO
DEMO-0027,2025-11-01,4.9,8.3,78.5,947.7,2031-12-01,,,synthetic-generator,SYNTHETIC_DEMO
DEMO-0027,2025-12-01,5.3,6.1,57.5,947.7,2031-12-01,,,synthetic-generator,SYNTHETIC_DEMO
DEMO-0027,2026-01-01,6.0,9.8,92.6,947.7,2031-12-01,,,synthetic-generator,SYNTHETIC_DEMO
DEMO-0027,2026-02-01,6.2,10.3,97.2,947.7,2031-12-01,,,synthetic-generator,SYNTHETIC_DEMO
DEMO-0027,2026-03-01,7.0,10.3,97.7,947.7,2031-12-01,,,synthetic-generator,SYNTHETIC_DEMO
DEMO-0027,2026-04-01,7.4,9.6,90.7,947.7,2031-12-01,,,synthetic-generator,SYNTHETIC_DEMO
DEMO-0027,2026-05-01,7.4,12.1,115.1,947.7,2031-12-01,,,synthetic-generator,SYNTHETIC_DEMO
DEMO-0027,2026-06-01,7.7,7.3,69.6,947.7,2031-12-01,,,synthetic-generator,SYNTHETIC_DEMO
DEMO-0027,2026-07-01,8.3,12.8,121.7,947.7,2031-12-01,,,synthetic-generator,SYNTHETIC_DEMO
DEMO-0027,2026-08-01,8.9,12.4,117.3,947.7,2031-12-01,,,synthetic-generator,SYNTHETIC_DEMO
DEMO-0028,2025-03-01,0.7,0.8,6.1,721.8,2030-11-01,,,synthetic-generator,SYNTHETIC_DEMO
DEMO-0028,2025-04-01,1.2,1.4,10.1,721.8,2030-11-01,,,synthetic-generator,SYNTHETIC_DEMO
DEMO-0028,2025-05-01,1.9,1.9,13.9,721.8,2030-11-01,,,synthetic-generator,SYNTHETIC_DEMO
DEMO-0028,2025-06-01,2.4,2.6,18.9,721.8,2030-11-01,,,synthetic-generator,SYNTHETIC_DEMO
DEMO-0028,2025-07-01,3.3,4.3,31.1,721.8,2030-11-01,,,synthetic-generator,SYNTHETIC_DEMO
DEMO-0028,2025-08-01,3.3,5.1,36.6,721.8,2030-11-01,,,synthetic-generator,SYNTHETIC_DEMO
DEMO-0028,2025-09-01,3.3,3.9,28.4,721.8,2030-11-01,,,synthetic-generator,SYNTHETIC_DEMO
DEMO-0028,2025-10-01,3.3,4.0,28.9,721.8,2030-11-01,,,synthetic-generator,SYNTHETIC_DEMO
DEMO-0028,2025-11-01,3.8,4.3,30.8,721.8,2030-11-01,,,synthetic-generator,SYNTHETIC_DEMO
DEMO-0028,2025-12-01,4.3,6.1,44.3,721.8,2030-11-01,,,synthetic-generator,SYNTHETIC_DEMO
DEMO-0028,2026-01-01,5.0,5.5,39.8,721.8,2030-11-01,,,synthetic-generator,SYNTHETIC_DEMO
DEMO-0028,2026-02-01,5.5,7.4,53.6,721.8,2030-11-01,,,synthetic-generator,SYNTHETIC_DEMO
DEMO-0028,2026-03-01,6.1,7.5,54.4,721.8,2030-11-01,,,synthetic-generator,SYNTHETIC_DEMO
DEMO-0028,2026-04-01,6.7,10.4,75.1,721.8,2030-11-01,,,synthetic-generator,SYNTHETIC_DEMO
DEMO-0028,2026-05-01,7.2,6.9,50.1,721.8,2030-11-01,,,synthetic-generator,SYNTHETIC_DEMO
DEMO-0028,2026-06-01,7.6,7.8,56.6,721.8,2030-11-01,,,synthetic-generator,SYNTHETIC_DEMO
DEMO-0028,2026-07-01,7.6,10.5,75.9,721.8,2030-11-01,,,synthetic-generator,SYNTHETIC_DEMO
DEMO-0028,2026-08-01,7.6,10.0,72.4,721.8,2030-11-01,,,synthetic-generator,SYNTHETIC_DEMO
DEMO-0029,2025-03-01,1.0,1.3,34.0,2683.6,2029-09-01,,,synthetic-generator,SYNTHETIC_DEMO
DEMO-0029,2025-04-01,2.0,2.6,71.1,2683.6,2029-09-01,,,synthetic-generator,SYNTHETIC_DEMO
DEMO-0029,2025-05-01,3.5,3.4,91.6,2683.6,2029-09-01,,,synthetic-generator,SYNTHETIC_DEMO
DEMO-0029,2025-06-01,4.4,4.4,119.2,2683.6,2029-09-01,,,synthetic-generator,SYNTHETIC_DEMO
DEMO-0029,2025-07-01,5.3,6.4,171.6,2683.6,2029-09-01,,,synthetic-generator,SYNTHETIC_DEMO
DEMO-0029,2025-08-01,6.5,7.4,198.1,2683.6,2029-09-01,,,synthetic-generator,SYNTHETIC_DEMO
DEMO-0029,2025-09-01,7.5,9.7,259.1,2683.6,2029-09-01,,,synthetic-generator,SYNTHETIC_DEMO
DEMO-0029,2025-10-01,8.7,11.1,298.2,2683.6,2029-09-01,,,synthetic-generator,SYNTHETIC_DEMO
DEMO-0029,2025-11-01,10.4,13.2,354.9,2683.6,2029-09-01,,,synthetic-generator,SYNTHETIC_DEMO
DEMO-0029,2025-12-01,11.3,11.2,301.3,2683.6,2029-09-01,,,synthetic-generator,SYNTHETIC_DEMO
DEMO-0029,2026-01-01,12.2,14.1,379.6,2683.6,2029-09-01,,,synthetic-generator,SYNTHETIC_DEMO
DEMO-0029,2026-02-01,13.1,14.2,381.6,2683.6,2029-09-01,,,synthetic-generator,SYNTHETIC_DEMO
DEMO-0029,2026-03-01,13.6,15.1,405.2,2683.6,2029-09-01,,,synthetic-generator,SYNTHETIC_DEMO
DEMO-0029,2026-04-01,14.6,15.4,413.5,2683.6,2029-09-01,,,synthetic-generator,SYNTHETIC_DEMO
DEMO-0029,2026-05-01,15.8,15.7,420.0,2683.6,2029-09-01,,,synthetic-generator,SYNTHETIC_DEMO
DEMO-0029,2026-06-01,17.0,18.8,504.4,2683.6,2029-09-01,,,synthetic-generator,SYNTHETIC_DEMO
DEMO-0029,2026-07-01,17.8,18.2,488.2,2683.6,2029-09-01,,,synthetic-generator,SYNTHETIC_DEMO
DEMO-0029,2026-08-01,18.5,23.0,617.7,2683.6,2029-09-01,,,synthetic-generator,SYNTHETIC_DEMO
DEMO-0030,2025-03-01,1.3,1.6,19.2,1166.3,2029-07-01,,,synthetic-generator,SYNTHETIC_DEMO
DEMO-0030,2025-04-01,2.8,3.4,39.4,1166.3,2029-07-01,,,synthetic-generator,SYNTHETIC_DEMO
DEMO-0030,2025-05-01,3.8,4.7,54.5,1166.3,2029-07-01,,,synthetic-generator,SYNTHETIC_DEMO
DEMO-0030,2025-06-01,4.5,4.3,50.4,1166.3,2029-07-01,,,synthetic-generator,SYNTHETIC_DEMO
DEMO-0030,2025-07-01,5.5,6.5,75.5,1166.3,2029-07-01,,,synthetic-generator,SYNTHETIC_DEMO
DEMO-0030,2025-08-01,6.6,7.8,91.1,1166.3,2029-07-01,,,synthetic-generator,SYNTHETIC_DEMO
DEMO-0030,2025-09-01,7.9,8.8,102.1,1166.3,2029-07-01,,,synthetic-generator,SYNTHETIC_DEMO
DEMO-0030,2025-10-01,8.9,9.5,110.9,1166.3,2029-07-01,,,synthetic-generator,SYNTHETIC_DEMO
DEMO-0030,2025-11-01,9.8,10.6,123.9,1166.3,2029-07-01,,,synthetic-generator,SYNTHETIC_DEMO
DEMO-0030,2025-12-01,10.5,10.6,123.4,1166.3,2029-07-01,,,synthetic-generator,SYNTHETIC_DEMO
DEMO-0030,2026-01-01,11.4,12.3,143.0,1166.3,2029-07-01,,,synthetic-generator,SYNTHETIC_DEMO
DEMO-0030,2026-02-01,12.6,15.1,176.6,1166.3,2029-07-01,,,synthetic-generator,SYNTHETIC_DEMO
DEMO-0030,2026-03-01,13.5,12.9,150.1,1166.3,2029-07-01,,,synthetic-generator,SYNTHETIC_DEMO
DEMO-0030,2026-04-01,14.9,16.5,191.9,1166.3,2029-07-01,,,synthetic-generator,SYNTHETIC_DEMO
DEMO-0030,2026-05-01,15.4,16.0,186.6,1166.3,2029-07-01,,,synthetic-generator,SYNTHETIC_DEMO
DEMO-0030,2026-06-01,16.0,18.4,214.9,1166.3,2029-07-01,,,synthetic-generator,SYNTHETIC_DEMO
DEMO-0030,2026-07-01,16.7,15.9,185.2,1166.3,2029-07-01,,,synthetic-generator,SYNTHETIC_DEMO
DEMO-0030,2026-08-01,17.4,21.9,256.0,1166.3,2029-07-01,,,synthetic-generator,SYNTHETIC_DEMO
DEMO-0031,2025-03-01,0.8,1.0,4.7,486.3,2031-09-01,,,synthetic-generator,SYNTHETIC_DEMO
DEMO-0031,2025-04-01,1.5,1.8,8.6,486.3,2031-09-01,,,synthetic-generator,SYNTHETIC_DEMO
DEMO-0031,2025-05-01,2.2,2.2,10.9,486.3,2031-09-01,,,synthetic-generator,SYNTHETIC_DEMO
DEMO-0031,2025-06-01,2.4,2.4,11.9,486.3,2031-09-01,,,synthetic-generator,SYNTHETIC_DEMO
DEMO-0031,2025-07-01,3.0,5.0,24.4,486.3,2031-09-01,,,synthetic-generator,SYNTHETIC_DEMO
DEMO-0031,2025-08-01,3.0,3.9,19.0,486.3,2031-09-01,,,synthetic-generator,SYNTHETIC_DEMO
DEMO-0031,2025-09-01,3.7,5.5,26.7,486.3,2031-09-01,,,synthetic-generator,SYNTHETIC_DEMO
DEMO-0031,2025-10-01,4.2,5.8,28.4,486.3,2031-09-01,,,synthetic-generator,SYNTHETIC_DEMO
DEMO-0031,2025-11-01,4.7,5.9,28.7,486.3,2031-09-01,,,synthetic-generator,SYNTHETIC_DEMO
DEMO-0031,2025-12-01,4.7,7.0,33.8,486.3,2031-09-01,,,synthetic-generator,SYNTHETIC_DEMO
DEMO-0031,2026-01-01,5.3,8.0,38.9,486.3,2031-09-01,,,synthetic-generator,SYNTHETIC_DEMO
DEMO-0031,2026-02-01,6.0,8.4,40.8,486.3,2031-09-01,,,synthetic-generator,SYNTHETIC_DEMO
DEMO-0031,2026-03-01,6.7,7.1,34.7,486.3,2031-09-01,,,synthetic-generator,SYNTHETIC_DEMO
DEMO-0031,2026-04-01,6.7,7.2,34.9,486.3,2031-09-01,,,synthetic-generator,SYNTHETIC_DEMO
DEMO-0031,2026-05-01,6.7,7.3,35.6,486.3,2031-09-01,,,synthetic-generator,SYNTHETIC_DEMO
DEMO-0031,2026-06-01,7.1,6.8,33.1,486.3,2031-09-01,,,synthetic-generator,SYNTHETIC_DEMO
DEMO-0031,2026-07-01,7.3,12.2,59.1,486.3,2031-09-01,,,synthetic-generator,SYNTHETIC_DEMO
DEMO-0031,2026-08-01,7.3,10.2,49.5,486.3,2031-09-01,,,synthetic-generator,SYNTHETIC_DEMO
DEMO-0032,2025-03-01,0.6,1.0,22.8,2193.7,2032-05-01,,,synthetic-generator,SYNTHETIC_DEMO
DEMO-0032,2025-04-01,1.2,1.2,25.3,2193.7,2032-05-01,,,synthetic-generator,SYNTHETIC_DEMO
DEMO-0032,2025-05-01,1.9,2.4,52.4,2193.7,2032-05-01,,,synthetic-generator,SYNTHETIC_DEMO
DEMO-0032,2025-06-01,2.4,2.6,57.5,2193.7,2032-05-01,,,synthetic-generator,SYNTHETIC_DEMO
DEMO-0032,2025-07-01,2.4,3.8,84.3,2193.7,2032-05-01,,,synthetic-generator,SYNTHETIC_DEMO
DEMO-0032,2025-08-01,2.4,2.5,55.9,2193.7,2032-05-01,,,synthetic-generator,SYNTHETIC_DEMO
DEMO-0032,2025-09-01,2.8,2.9,62.7,2193.7,2032-05-01,,,synthetic-generator,SYNTHETIC_DEMO
DEMO-0032,2025-10-01,3.2,4.1,90.1,2193.7,2032-05-01,,,synthetic-generator,SYNTHETIC_DEMO
DEMO-0032,2025-11-01,3.5,3.6,77.9,2193.7,2032-05-01,,,synthetic-generator,SYNTHETIC_DEMO
DEMO-0032,2025-12-01,4.0,6.5,141.9,2193.7,2032-05-01,,,synthetic-generator,SYNTHETIC_DEMO
DEMO-0032,2026-01-01,4.3,7.0,154.6,2193.7,2032-05-01,,,synthetic-generator,SYNTHETIC_DEMO
DEMO-0032,2026-02-01,5.1,6.5,142.7,2193.7,2032-05-01,,,synthetic-generator,SYNTHETIC_DEMO
DEMO-0032,2026-03-01,5.1,7.3,160.9,2193.7,2032-05-01,,,synthetic-generator,SYNTHETIC_DEMO
DEMO-0032,2026-04-01,5.6,7.1,156.2,2193.7,2032-05-01,,,synthetic-generator,SYNTHETIC_DEMO
DEMO-0032,2026-05-01,6.1,7.3,159.9,2193.7,2032-05-01,,,synthetic-generator,SYNTHETIC_DEMO
DEMO-0032,2026-06-01,6.5,9.1,199.0,2193.7,2032-05-01,,,synthetic-generator,SYNTHETIC_DEMO
DEMO-0032,2026-07-01,6.5,9.2,201.5,2193.7,2032-05-01,,,synthetic-generator,SYNTHETIC_DEMO
DEMO-0032,2026-08-01,7.0,7.6,165.8,2193.7,2032-05-01,,,synthetic-generator,SYNTHETIC_DEMO
DEMO-0033,2025-03-01,0.5,0.7,3.6,513.4,2033-11-01,,,synthetic-generator,SYNTHETIC_DEMO
DEMO-0033,2025-04-01,0.5,0.5,2.4,513.4,2033-11-01,,,synthetic-generator,SYNTHETIC_DEMO
DEMO-0033,2025-05-01,1.2,1.8,9.2,513.4,2033-11-01,,,synthetic-generator,SYNTHETIC_DEMO
DEMO-0033,2025-06-01,1.8,2.7,13.9,513.4,2033-11-01,,,synthetic-generator,SYNTHETIC_DEMO
DEMO-0033,2025-07-01,2.4,3.6,18.3,513.4,2033-11-01,,,synthetic-generator,SYNTHETIC_DEMO
DEMO-0033,2025-08-01,2.4,3.1,16.0,513.4,2033-11-01,,,synthetic-generator,SYNTHETIC_DEMO
DEMO-0033,2025-09-01,2.9,4.7,24.0,513.4,2033-11-01,,,synthetic-generator,SYNTHETIC_DEMO
DEMO-0033,2025-10-01,3.4,4.5,22.9,513.4,2033-11-01,,,synthetic-generator,SYNTHETIC_DEMO
DEMO-0033,2025-11-01,3.8,4.3,21.9,513.4,2033-11-01,,,synthetic-generator,SYNTHETIC_DEMO
DEMO-0033,2025-12-01,4.5,6.6,33.9,513.4,2033-11-01,,,synthetic-generator,SYNTHETIC_DEMO
DEMO-0033,2026-01-01,5.0,7.4,37.8,513.4,2033-11-01,,,synthetic-generator,SYNTHETIC_DEMO
DEMO-0033,2026-02-01,5.3,9.0,46.1,513.4,2033-11-01,,,synthetic-generator,SYNTHETIC_DEMO
DEMO-0033,2026-03-01,5.3,6.4,32.9,513.4,2033-11-01,,,synthetic-generator,SYNTHETIC_DEMO
DEMO-0033,2026-04-01,5.8,6.4,32.7,513.4,2033-11-01,,,synthetic-generator,SYNTHETIC_DEMO
DEMO-0033,2026-05-01,6.4,6.3,32.6,513.4,2033-11-01,,,synthetic-generator,SYNTHETIC_DEMO
DEMO-0033,2026-06-01,7.0,8.7,44.6,513.4,2033-11-01,,,synthetic-generator,SYNTHETIC_DEMO
DEMO-0033,2026-07-01,7.3,7.4,37.9,513.4,2033-11-01,,,synthetic-generator,SYNTHETIC_DEMO
DEMO-0033,2026-08-01,7.5,11.7,60.1,513.4,2033-11-01,,,synthetic-generator,SYNTHETIC_DEMO
DEMO-0034,2025-03-01,0.7,0.9,7.1,833.3,2030-04-01,,,synthetic-generator,SYNTHETIC_DEMO
DEMO-0034,2025-04-01,1.4,1.4,11.5,833.3,2030-04-01,,,synthetic-generator,SYNTHETIC_DEMO
DEMO-0034,2025-05-01,2.0,2.4,19.6,833.3,2030-04-01,,,synthetic-generator,SYNTHETIC_DEMO
DEMO-0034,2025-06-01,3.0,3.3,27.9,833.3,2030-04-01,,,synthetic-generator,SYNTHETIC_DEMO
DEMO-0034,2025-07-01,3.9,4.6,38.6,833.3,2030-04-01,,,synthetic-generator,SYNTHETIC_DEMO
DEMO-0034,2025-08-01,4.8,5.3,44.0,833.3,2030-04-01,,,synthetic-generator,SYNTHETIC_DEMO
DEMO-0034,2025-09-01,5.9,7.3,60.6,833.3,2030-04-01,,,synthetic-generator,SYNTHETIC_DEMO
DEMO-0034,2025-10-01,6.8,6.7,55.5,833.3,2030-04-01,,,synthetic-generator,SYNTHETIC_DEMO
DEMO-0034,2025-11-01,7.6,9.4,78.5,833.3,2030-04-01,,,synthetic-generator,SYNTHETIC_DEMO
DEMO-0034,2025-12-01,8.8,11.5,96.2,833.3,2030-04-01,,,synthetic-generator,SYNTHETIC_DEMO
DEMO-0034,2026-01-01,9.6,12.2,101.8,833.3,2030-04-01,,,synthetic-generator,SYNTHETIC_DEMO
DEMO-0034,2026-02-01,10.5,10.4,86.3,833.3,2030-04-01,,,synthetic-generator,SYNTHETIC_DEMO
DEMO-0034,2026-03-01,10.9,14.1,117.8,833.3,2030-04-01,,,synthetic-generator,SYNTHETIC_DEMO
DEMO-0034,2026-04-01,12.3,15.9,132.6,833.3,2030-04-01,,,synthetic-generator,SYNTHETIC_DEMO
DEMO-0034,2026-05-01,13.5,14.7,122.3,833.3,2030-04-01,,,synthetic-generator,SYNTHETIC_DEMO
DEMO-0034,2026-06-01,14.2,17.5,146.2,833.3,2030-04-01,,,synthetic-generator,SYNTHETIC_DEMO
DEMO-0034,2026-07-01,15.3,15.6,130.4,833.3,2030-04-01,,,synthetic-generator,SYNTHETIC_DEMO
DEMO-0034,2026-08-01,15.8,21.2,176.9,833.3,2030-04-01,,,synthetic-generator,SYNTHETIC_DEMO
DEMO-0035,2025-03-01,1.0,1.1,11.2,1038.9,2031-07-01,,,synthetic-generator,SYNTHETIC_DEMO
DEMO-0035,2025-04-01,1.3,1.3,13.8,1038.9,2031-07-01,,,synthetic-generator,SYNTHETIC_DEMO
DEMO-0035,2025-05-01,2.5,2.5,26.0,1038.9,2031-07-01,,,synthetic-generator,SYNTHETIC_DEMO
DEMO-0035,2025-06-01,3.0,3.7,38.0,1038.9,2031-07-01,,,synthetic-generator,SYNTHETIC_DEMO
DEMO-0035,2025-07-01,3.6,3.5,36.5,1038.9,2031-07-01,,,synthetic-generator,SYNTHETIC_DEMO
DEMO-0035,2025-08-01,4.6,4.9,51.0,1038.9,2031-07-01,,,synthetic-generator,SYNTHETIC_DEMO
DEMO-0035,2025-09-01,5.4,6.2,64.1,1038.9,2031-07-01,,,synthetic-generator,SYNTHETIC_DEMO
DEMO-0035,2025-10-01,6.5,7.7,80.5,1038.9,2031-07-01,,,synthetic-generator,SYNTHETIC_DEMO
DEMO-0035,2025-11-01,7.2,8.2,85.1,1038.9,2031-07-01,,,synthetic-generator,SYNTHETIC_DEMO
DEMO-0035,2025-12-01,8.2,8.3,86.3,1038.9,2031-07-01,,,synthetic-generator,SYNTHETIC_DEMO
DEMO-0035,2026-01-01,9.4,9.3,96.3,1038.9,2031-07-01,,,synthetic-generator,SYNTHETIC_DEMO
DEMO-0035,2026-02-01,10.0,12.3,127.6,1038.9,2031-07-01,,,synthetic-generator,SYNTHETIC_DEMO
DEMO-0035,2026-03-01,10.9,12.5,130.2,1038.9,2031-07-01,,,synthetic-generator,SYNTHETIC_DEMO
DEMO-0035,2026-04-01,11.3,11.9,123.4,1038.9,2031-07-01,,,synthetic-generator,SYNTHETIC_DEMO
DEMO-0035,2026-05-01,12.2,13.7,142.5,1038.9,2031-07-01,,,synthetic-generator,SYNTHETIC_DEMO
DEMO-0035,2026-06-01,12.8,16.4,170.5,1038.9,2031-07-01,,,synthetic-generator,SYNTHETIC_DEMO
DEMO-0035,2026-07-01,13.8,17.2,178.6,1038.9,2031-07-01,,,synthetic-generator,SYNTHETIC_DEMO
DEMO-0035,2026-08-01,14.5,17.6,183.0,1038.9,2031-07-01,,,synthetic-generator,SYNTHETIC_DEMO
DEMO-0036,2025-03-01,2.1,2.6,9.7,367.7,2026-09-01,,,synthetic-generator,SYNTHETIC_DEMO
DEMO-0036,2025-04-01,3.5,4.4,16.1,367.7,2026-09-01,,,synthetic-generator,SYNTHETIC_DEMO
DEMO-0036,2025-05-01,5.1,5.2,19.1,367.7,2026-09-01,,,synthetic-generator,SYNTHETIC_DEMO
DEMO-0036,2025-06-01,6.0,6.6,24.4,367.7,2026-09-01,,,synthetic-generator,SYNTHETIC_DEMO
DEMO-0036,2025-07-01,9.1,10.0,36.9,367.7,2026-09-01,,,synthetic-generator,SYNTHETIC_DEMO
DEMO-0036,2025-08-01,11.1,13.5,49.8,367.7,2026-09-01,,,synthetic-generator,SYNTHETIC_DEMO
DEMO-0036,2025-09-01,12.6,13.7,50.3,367.7,2026-09-01,,,synthetic-generator,SYNTHETIC_DEMO
DEMO-0036,2025-10-01,13.8,13.6,50.0,367.7,2026-09-01,,,synthetic-generator,SYNTHETIC_DEMO
DEMO-0036,2025-11-01,14.8,18.7,68.7,367.7,2026-09-01,,,synthetic-generator,SYNTHETIC_DEMO
DEMO-0036,2025-12-01,17.2,19.4,71.2,367.7,2026-09-01,,,synthetic-generator,SYNTHETIC_DEMO
DEMO-0036,2026-01-01,19.0,18.0,66.3,367.7,2026-09-01,,,synthetic-generator,SYNTHETIC_DEMO
DEMO-0036,2026-02-01,20.7,22.5,82.8,367.7,2026-09-01,,,synthetic-generator,SYNTHETIC_DEMO
DEMO-0036,2026-03-01,21.7,23.0,84.7,367.7,2026-09-01,,,synthetic-generator,SYNTHETIC_DEMO
DEMO-0036,2026-04-01,22.7,27.0,99.4,367.7,2026-09-01,,,synthetic-generator,SYNTHETIC_DEMO
DEMO-0036,2026-05-01,24.8,29.3,107.8,367.7,2026-09-01,,,synthetic-generator,SYNTHETIC_DEMO
DEMO-0036,2026-06-01,26.0,26.8,98.4,367.7,2026-09-01,,,synthetic-generator,SYNTHETIC_DEMO
DEMO-0036,2026-07-01,27.5,30.9,113.6,367.7,2026-09-01,,,synthetic-generator,SYNTHETIC_DEMO
DEMO-0036,2026-08-01,29.3,36.7,134.8,367.7,2026-09-01,,,synthetic-generator,SYNTHETIC_DEMO
DEMO-0037,2025-03-01,0.9,1.2,4.6,382.3,2028-09-01,,,synthetic-generator,SYNTHETIC_DEMO
DEMO-0037,2025-04-01,2.2,2.3,8.8,382.3,2028-09-01,,,synthetic-generator,SYNTHETIC_DEMO
DEMO-0037,2025-05-01,3.6,4.1,15.8,382.3,2028-09-01,,,synthetic-generator,SYNTHETIC_DEMO
DEMO-0037,2025-06-01,4.8,5.8,22.0,382.3,2028-09-01,,,synthetic-generator,SYNTHETIC_DEMO
DEMO-0037,2025-07-01,5.8,5.7,21.7,382.3,2028-09-01,,,synthetic-generator,SYNTHETIC_DEMO
DEMO-0037,2025-08-01,6.6,8.2,31.5,382.3,2028-09-01,,,synthetic-generator,SYNTHETIC_DEMO
DEMO-0037,2025-09-01,7.8,8.7,33.2,382.3,2028-09-01,,,synthetic-generator,SYNTHETIC_DEMO
DEMO-0037,2025-10-01,9.5,9.2,35.0,382.3,2028-09-01,,,synthetic-generator,SYNTHETIC_DEMO
DEMO-0037,2025-11-01,11.3,12.4,47.5,382.3,2028-09-01,,,synthetic-generator,SYNTHETIC_DEMO
DEMO-0037,2025-12-01,12.3,16.4,62.7,382.3,2028-09-01,,,synthetic-generator,SYNTHETIC_DEMO
DEMO-0037,2026-01-01,13.5,14.9,56.9,382.3,2028-09-01,,,synthetic-generator,SYNTHETIC_DEMO
DEMO-0037,2026-02-01,15.1,18.7,71.5,382.3,2028-09-01,,,synthetic-generator,SYNTHETIC_DEMO
DEMO-0037,2026-03-01,16.1,17.3,66.1,382.3,2028-09-01,,,synthetic-generator,SYNTHETIC_DEMO
DEMO-0037,2026-04-01,17.2,18.6,71.2,382.3,2028-09-01,,,synthetic-generator,SYNTHETIC_DEMO
DEMO-0037,2026-05-01,18.4,20.3,77.5,382.3,2028-09-01,,,synthetic-generator,SYNTHETIC_DEMO
DEMO-0037,2026-06-01,19.0,23.7,90.7,382.3,2028-09-01,,,synthetic-generator,SYNTHETIC_DEMO
DEMO-0037,2026-07-01,19.9,23.3,89.2,382.3,2028-09-01,,,synthetic-generator,SYNTHETIC_DEMO
DEMO-0037,2026-08-01,21.4,24.4,93.3,382.3,2028-09-01,,,synthetic-generator,SYNTHETIC_DEMO
DEMO-0038,2025-03-01,3.8,4.3,30.7,721.7,2026-03-01,,,synthetic-generator,SYNTHETIC_DEMO
DEMO-0038,2025-04-01,6.3,6.4,46.3,721.7,2026-03-01,,,synthetic-generator,SYNTHETIC_DEMO
DEMO-0038,2025-05-01,8.7,9.0,64.9,721.7,2026-03-01,,,synthetic-generator,SYNTHETIC_DEMO
DEMO-0038,2025-06-01,10.4,12.0,86.5,721.7,2026-03-01,,,synthetic-generator,SYNTHETIC_DEMO
DEMO-0038,2025-07-01,12.5,13.1,94.8,721.7,2026-03-01,,,synthetic-generator,SYNTHETIC_DEMO
DEMO-0038,2025-08-01,14.8,19.4,139.8,721.7,2026-03-01,,,synthetic-generator,SYNTHETIC_DEMO
DEMO-0038,2025-09-01,16.6,16.3,117.3,721.7,2026-03-01,,,synthetic-generator,SYNTHETIC_DEMO
DEMO-0038,2025-10-01,18.5,21.9,157.9,721.7,2026-03-01,,,synthetic-generator,SYNTHETIC_DEMO
DEMO-0038,2025-11-01,20.5,23.4,169.1,721.7,2026-03-01,,,synthetic-generator,SYNTHETIC_DEMO
DEMO-0038,2025-12-01,22.7,30.1,217.4,721.7,2026-03-01,,,synthetic-generator,SYNTHETIC_DEMO
DEMO-0038,2026-01-01,24.0,30.9,222.8,721.7,2026-03-01,,,synthetic-generator,SYNTHETIC_DEMO
DEMO-0038,2026-02-01,27.2,26.7,192.6,721.7,2026-03-01,,,synthetic-generator,SYNTHETIC_DEMO
DEMO-0038,2026-03-01,29.6,33.9,244.3,721.7,2026-03-01,,,synthetic-generator,SYNTHETIC_DEMO
DEMO-0038,2026-04-01,33.3,37.7,272.3,721.7,2026-03-01,,,synthetic-generator,SYNTHETIC_DEMO
DEMO-0038,2026-05-01,35.2,44.2,318.7,721.7,2026-03-01,,,synthetic-generator,SYNTHETIC_DEMO
DEMO-0038,2026-06-01,36.9,42.3,305.4,721.7,2026-03-01,,,synthetic-generator,SYNTHETIC_DEMO
DEMO-0038,2026-07-01,38.6,37.3,269.3,721.7,2026-03-01,,,synthetic-generator,SYNTHETIC_DEMO
DEMO-0038,2026-08-01,40.5,44.4,320.6,721.7,2026-03-01,,,synthetic-generator,SYNTHETIC_DEMO
DEMO-0039,2025-03-01,1.2,1.2,2.9,246.6,2029-04-01,,,synthetic-generator,SYNTHETIC_DEMO
DEMO-0039,2025-04-01,2.8,3.2,7.8,246.6,2029-04-01,,,synthetic-generator,SYNTHETIC_DEMO
DEMO-0039,2025-05-01,4.2,4.9,12.0,246.6,2029-04-01,,,synthetic-generator,SYNTHETIC_DEMO
DEMO-0039,2025-06-01,5.4,5.1,12.6,246.6,2029-04-01,,,synthetic-generator,SYNTHETIC_DEMO
DEMO-0039,2025-07-01,7.4,7.8,19.2,246.6,2029-04-01,,,synthetic-generator,SYNTHETIC_DEMO
DEMO-0039,2025-08-01,8.7,9.1,22.5,246.6,2029-04-01,,,synthetic-generator,SYNTHETIC_DEMO
DEMO-0039,2025-09-01,10.3,11.4,28.2,246.6,2029-04-01,,,synthetic-generator,SYNTHETIC_DEMO
DEMO-0039,2025-10-01,11.7,11.8,29.2,246.6,2029-04-01,,,synthetic-generator,SYNTHETIC_DEMO
DEMO-0039,2025-11-01,13.6,15.2,37.6,246.6,2029-04-01,,,synthetic-generator,SYNTHETIC_DEMO
DEMO-0039,2025-12-01,15.6,18.2,44.9,246.6,2029-04-01,,,synthetic-generator,SYNTHETIC_DEMO
DEMO-0039,2026-01-01,16.4,19.0,46.9,246.6,2029-04-01,,,synthetic-generator,SYNTHETIC_DEMO
DEMO-0039,2026-02-01,18.3,21.8,53.7,246.6,2029-04-01,,,synthetic-generator,SYNTHETIC_DEMO
DEMO-0039,2026-03-01,19.0,25.6,63.1,246.6,2029-04-01,,,synthetic-generator,SYNTHETIC_DEMO
DEMO-0039,2026-04-01,20.6,22.2,54.8,246.6,2029-04-01,,,synthetic-generator,SYNTHETIC_DEMO
DEMO-0039,2026-05-01,22.1,26.2,64.7,246.6,2029-04-01,,,synthetic-generator,SYNTHETIC_DEMO
DEMO-0039,2026-06-01,24.9,33.4,82.4,246.6,2029-04-01,,,synthetic-generator,SYNTHETIC_DEMO
DEMO-0039,2026-07-01,26.3,27.6,68.0,246.6,2029-04-01,,,synthetic-generator,SYNTHETIC_DEMO
DEMO-0039,2026-08-01,27.9,35.6,87.7,246.6,2029-04-01,,,synthetic-generator,SYNTHETIC_DEMO
DEMO-0040,2025-03-01,1.0,1.4,14.1,1014.5,2030-04-01,,,synthetic-generator,SYNTHETIC_DEMO
DEMO-0040,2025-04-01,2.3,2.6,26.3,1014.5,2030-04-01,,,synthetic-generator,SYNTHETIC_DEMO
DEMO-0040,2025-05-01,3.5,4.2,42.5,1014.5,2030-04-01,,,synthetic-generator,SYNTHETIC_DEMO
DEMO-0040,2025-06-01,4.9,4.7,47.5,1014.5,2030-04-01,,,synthetic-generator,SYNTHETIC_DEMO
DEMO-0040,2025-07-01,5.9,6.3,63.9,1014.5,2030-04-01,,,synthetic-generator,SYNTHETIC_DEMO
DEMO-0040,2025-08-01,6.9,7.7,78.0,1014.5,2030-04-01,,,synthetic-generator,SYNTHETIC_DEMO
DEMO-0040,2025-09-01,8.0,9.1,91.9,1014.5,2030-04-01,,,synthetic-generator,SYNTHETIC_DEMO
DEMO-0040,2025-10-01,8.6,9.2,93.7,1014.5,2030-04-01,,,synthetic-generator,SYNTHETIC_DEMO
DEMO-0040,2025-11-01,10.3,10.7,108.7,1014.5,2030-04-01,,,synthetic-generator,SYNTHETIC_DEMO
DEMO-0040,2025-12-01,11.5,11.7,118.2,1014.5,2030-04-01,,,synthetic-generator,SYNTHETIC_DEMO
DEMO-0040,2026-01-01,12.6,16.7,169.0,1014.5,2030-04-01,,,synthetic-generator,SYNTHETIC_DEMO
DEMO-0040,2026-02-01,14.1,17.8,180.9,1014.5,2030-04-01,,,synthetic-generator,SYNTHETIC_DEMO
DEMO-0040,2026-03-01,15.1,17.0,172.3,1014.5,2030-04-01,,,synthetic-generator,SYNTHETIC_DEMO
DEMO-0040,2026-04-01,16.0,18.7,190.1,1014.5,2030-04-01,,,synthetic-generator,SYNTHETIC_DEMO
DEMO-0040,2026-05-01,16.8,16.4,166.1,1014.5,2030-04-01,,,synthetic-generator,SYNTHETIC_DEMO
DEMO-0040,2026-06-01,17.8,18.7,189.9,1014.5,2030-04-01,,,synthetic-generator,SYNTHETIC_DEMO
DEMO-0040,2026-07-01,18.8,24.6,249.1,1014.5,2030-04-01,,,synthetic-generator,SYNTHETIC_DEMO
DEMO-0040,2026-08-01,20.2,20.8,211.4,1014.5,2030-04-01,,,synthetic-generator,SYNTHETIC_DEMO
DEMO-0041,2025-03-01,0.4,0.6,10.3,1779.8,2032-08-01,,,synthetic-generator,SYNTHETIC_DEMO
DEMO-0041,2025-04-01,0.8,0.8,13.9,1779.8,2032-08-01,,,synthetic-generator,SYNTHETIC_DEMO
DEMO-0041,2025-05-01,1.1,1.1,19.3,1779.8,2032-08-01,,,synthetic-generator,SYNTHETIC_DEMO
DEMO-0041,2025-06-01,1.8,2.8,50.6,1779.8,2032-08-01,,,synthetic-generator,SYNTHETIC_DEMO
DEMO-0041,2025-07-01,2.3,2.4,42.1,1779.8,2032-08-01,,,synthetic-generator,SYNTHETIC_DEMO
DEMO-0041,2025-08-01,2.7,3.4,61.2,1779.8,2032-08-01,,,synthetic-generator,SYNTHETIC_DEMO
DEMO-0041,2025-09-01,3.3,3.2,56.1,1779.8,2032-08-01,,,synthetic-generator,SYNTHETIC_DEMO
DEMO-0041,2025-10-01,3.3,4.1,73.8,1779.8,2032-08-01,,,synthetic-generator,SYNTHETIC_DEMO
DEMO-0041,2025-11-01,3.8,6.3,111.4,1779.8,2032-08-01,,,synthetic-generator,SYNTHETIC_DEMO
DEMO-0041,2025-12-01,3.8,3.8,67.2,1779.8,2032-08-01,,,synthetic-generator,SYNTHETIC_DEMO
DEMO-0041,2026-01-01,4.6,6.1,107.9,1779.8,2032-08-01,,,synthetic-generator,SYNTHETIC_DEMO
DEMO-0041,2026-02-01,5.1,5.9,104.9,1779.8,2032-08-01,,,synthetic-generator,SYNTHETIC_DEMO
DEMO-0041,2026-03-01,5.1,6.9,123.2,1779.8,2032-08-01,,,synthetic-generator,SYNTHETIC_DEMO
DEMO-0041,2026-04-01,5.5,6.0,106.7,1779.8,2032-08-01,,,synthetic-generator,SYNTHETIC_DEMO
DEMO-0041,2026-05-01,5.9,7.6,135.9,1779.8,2032-08-01,,,synthetic-generator,SYNTHETIC_DEMO
DEMO-0041,2026-06-01,6.5,9.1,161.2,1779.8,2032-08-01,,,synthetic-generator,SYNTHETIC_DEMO
DEMO-0041,2026-07-01,6.7,9.6,170.2,1779.8,2032-08-01,,,synthetic-generator,SYNTHETIC_DEMO
DEMO-0041,2026-08-01,7.1,11.7,208.5,1779.8,2032-08-01,,,synthetic-generator,SYNTHETIC_DEMO
DEMO-0042,2025-03-01,0.9,1.1,2.5,235.8,2030-03-01,,,synthetic-generator,SYNTHETIC_DEMO
DEMO-0042,2025-04-01,2.1,2.0,4.7,235.8,2030-03-01,,,synthetic-generator,SYNTHETIC_DEMO
DEMO-0042,2025-05-01,3.9,5.2,12.3,235.8,2030-03-01,,,synthetic-generator,SYNTHETIC_DEMO
DEMO-0042,2025-06-01,4.9,4.7,11.1,235.8,2030-03-01,,,synthetic-generator,SYNTHETIC_DEMO
DEMO-0042,2025-07-01,6.5,8.2,19.4,235.8,2030-03-01,,,synthetic-generator,SYNTHETIC_DEMO
DEMO-0042,2025-08-01,7.7,8.3,19.5,235.8,2030-03-01,,,synthetic-generator,SYNTHETIC_DEMO
DEMO-0042,2025-09-01,9.6,11.1,26.2,235.8,2030-03-01,,,synthetic-generator,SYNTHETIC_DEMO
DEMO-0042,2025-10-01,10.7,12.0,28.2,235.8,2030-03-01,,,synthetic-generator,SYNTHETIC_DEMO
DEMO-0042,2025-11-01,11.9,13.1,30.9,235.8,2030-03-01,,,synthetic-generator,SYNTHETIC_DEMO
DEMO-0042,2025-12-01,13.4,17.6,41.5,235.8,2030-03-01,,,synthetic-generator,SYNTHETIC_DEMO
DEMO-0042,2026-01-01,14.7,18.8,44.4,235.8,2030-03-01,,,synthetic-generator,SYNTHETIC_DEMO
DEMO-0042,2026-02-01,16.3,19.2,45.3,235.8,2030-03-01,,,synthetic-generator,SYNTHETIC_DEMO
DEMO-0042,2026-03-01,17.4,21.3,50.2,235.8,2030-03-01,,,synthetic-generator,SYNTHETIC_DEMO
DEMO-0042,2026-04-01,18.7,18.9,44.5,235.8,2030-03-01,,,synthetic-generator,SYNTHETIC_DEMO
DEMO-0042,2026-05-01,20.1,24.0,56.7,235.8,2030-03-01,,,synthetic-generator,SYNTHETIC_DEMO
DEMO-0042,2026-06-01,21.1,21.3,50.2,235.8,2030-03-01,,,synthetic-generator,SYNTHETIC_DEMO
DEMO-0042,2026-07-01,22.4,25.4,59.9,235.8,2030-03-01,,,synthetic-generator,SYNTHETIC_DEMO
DEMO-0042,2026-08-01,23.5,22.9,54.0,235.8,2030-03-01,,,synthetic-generator,SYNTHETIC_DEMO
DEMO-0043,2025-03-01,0.0,0.0,0.0,769.9,2031-10-01,,,synthetic-generator,SYNTHETIC_DEMO
DEMO-0043,2025-04-01,0.6,0.9,6.7,769.9,2031-10-01,,,synthetic-generator,SYNTHETIC_DEMO
DEMO-0043,2025-05-01,1.4,1.7,12.8,769.9,2031-10-01,,,synthetic-generator,SYNTHETIC_DEMO
DEMO-0043,2025-06-01,2.2,2.6,20.0,769.9,2031-10-01,,,synthetic-generator,SYNTHETIC_DEMO
DEMO-0043,2025-07-01,2.2,2.6,20.0,769.9,2031-10-01,,,synthetic-generator,SYNTHETIC_DEMO
DEMO-0043,2025-08-01,2.2,2.4,18.7,769.9,2031-10-01,,,synthetic-generator,SYNTHETIC_DEMO
DEMO-0043,2025-09-01,2.9,2.9,22.3,769.9,2031-10-01,,,synthetic-generator,SYNTHETIC_DEMO
DEMO-0043,2025-10-01,2.9,4.6,35.3,769.9,2031-10-01,,,synthetic-generator,SYNTHETIC_DEMO
DEMO-0043,2025-11-01,3.8,4.6,35.2,769.9,2031-10-01,,,synthetic-generator,SYNTHETIC_DEMO
DEMO-0043,2025-12-01,4.4,4.7,35.9,769.9,2031-10-01,,,synthetic-generator,SYNTHETIC_DEMO
DEMO-0043,2026-01-01,4.7,7.3,56.5,769.9,2031-10-01,,,synthetic-generator,SYNTHETIC_DEMO
DEMO-0043,2026-02-01,5.4,7.5,58.1,769.9,2031-10-01,,,synthetic-generator,SYNTHETIC_DEMO
DEMO-0043,2026-03-01,6.0,7.6,58.4,769.9,2031-10-01,,,synthetic-generator,SYNTHETIC_DEMO
DEMO-0043,2026-04-01,6.7,7.1,54.9,769.9,2031-10-01,,,synthetic-generator,SYNTHETIC_DEMO
DEMO-0043,2026-05-01,6.7,7.7,59.5,769.9,2031-10-01,,,synthetic-generator,SYNTHETIC_DEMO
DEMO-0043,2026-06-01,7.1,11.4,88.0,769.9,2031-10-01,,,synthetic-generator,SYNTHETIC_DEMO
DEMO-0043,2026-07-01,7.6,9.6,74.0,769.9,2031-10-01,,,synthetic-generator,SYNTHETIC_DEMO
DEMO-0043,2026-08-01,7.6,9.2,70.9,769.9,2031-10-01,,,synthetic-generator,SYNTHETIC_DEMO
DEMO-0044,2025-03-01,1.7,2.0,8.3,420.2,2026-02-01,,,synthetic-generator,SYNTHETIC_DEMO
DEMO-0044,2025-04-01,2.6,2.8,11.7,420.2,2026-02-01,,,synthetic-generator,SYNTHETIC_DEMO
DEMO-0044,2025-05-01,4.0,4.1,17.4,420.2,2026-02-01,,,synthetic-generator,SYNTHETIC_DEMO
DEMO-0044,2025-06-01,5.6,6.7,28.2,420.2,2026-02-01,,,synthetic-generator,SYNTHETIC_DEMO
DEMO-0044,2025-07-01,7.3,8.7,36.5,420.2,2026-02-01,,,synthetic-generator,SYNTHETIC_DEMO
DEMO-0044,2025-08-01,9.8,10.7,45.0,420.2,2026-02-01,,,synthetic-generator,SYNTHETIC_DEMO
DEMO-0044,2025-09-01,12.6,14.4,60.5,420.2,2026-02-01,,,synthetic-generator,SYNTHETIC_DEMO
DEMO-0044,2025-10-01,13.8,17.7,74.4,420.2,2026-02-01,,,synthetic-generator,SYNTHETIC_DEMO
DEMO-0044,2025-11-01,16.3,20.8,87.2,420.2,2026-02-01,,,synthetic-generator,SYNTHETIC_DEMO
DEMO-0044,2025-12-01,19.3,23.8,100.2,420.2,2026-02-01,,,synthetic-generator,SYNTHETIC_DEMO
DEMO-0044,2026-01-01,22.8,21.9,91.9,420.2,2026-02-01,,,synthetic-generator,SYNTHETIC_DEMO
DEMO-0044,2026-02-01,25.0,32.7,137.2,420.2,2026-02-01,,,synthetic-generator,SYNTHETIC_DEMO
DEMO-0044,2026-03-01,26.6,34.2,143.7,420.2,2026-02-01,,,synthetic-generator,SYNTHETIC_DEMO
DEMO-0044,2026-04-01,27.9,32.8,137.9,420.2,2026-02-01,,,synthetic-generator,SYNTHETIC_DEMO
DEMO-0044,2026-05-01,29.2,32.9,138.3,420.2,2026-02-01,,,synthetic-generator,SYNTHETIC_DEMO
DEMO-0044,2026-06-01,31.2,36.6,153.7,420.2,2026-02-01,,,synthetic-generator,SYNTHETIC_DEMO
DEMO-0044,2026-07-01,33.6,40.9,172.0,420.2,2026-02-01,,,synthetic-generator,SYNTHETIC_DEMO
DEMO-0044,2026-08-01,35.2,43.8,184.2,420.2,2026-02-01,,,synthetic-generator,SYNTHETIC_DEMO
DEMO-0045,2025-03-01,3.3,3.2,29.3,917.3,2025-11-01,,,synthetic-generator,SYNTHETIC_DEMO
DEMO-0045,2025-04-01,5.6,6.3,57.9,917.3,2025-11-01,,,synthetic-generator,SYNTHETIC_DEMO
DEMO-0045,2025-05-01,8.4,10.2,93.3,917.3,2025-11-01,,,synthetic-generator,SYNTHETIC_DEMO
DEMO-0045,2025-06-01,11.6,12.4,114.2,917.3,2025-11-01,,,synthetic-generator,SYNTHETIC_DEMO
DEMO-0045,2025-07-01,13.0,13.9,127.5,917.3,2025-11-01,,,synthetic-generator,SYNTHETIC_DEMO
DEMO-0045,2025-08-01,16.1,18.6,170.4,917.3,2025-11-01,,,synthetic-generator,SYNTHETIC_DEMO
DEMO-0045,2025-09-01,18.2,22.1,202.9,917.3,2025-11-01,,,synthetic-generator,SYNTHETIC_DEMO
DEMO-0045,2025-10-01,22.1,24.1,221.5,917.3,2025-11-01,,,synthetic-generator,SYNTHETIC_DEMO
DEMO-0045,2025-11-01,24.7,24.6,225.4,917.3,2025-11-01,,,synthetic-generator,SYNTHETIC_DEMO
DEMO-0045,2025-12-01,27.4,26.5,242.8,917.3,2025-11-01,,,synthetic-generator,SYNTHETIC_DEMO
DEMO-0045,2026-01-01,30.7,29.9,274.6,917.3,2025-11-01,,,synthetic-generator,SYNTHETIC_DEMO
DEMO-0045,2026-02-01,34.2,33.2,304.2,917.3,2025-11-01,,,synthetic-generator,SYNTHETIC_DEMO
DEMO-0045,2026-03-01,35.6,36.6,335.7,917.3,2025-11-01,,,synthetic-generator,SYNTHETIC_DEMO
DEMO-0045,2026-04-01,38.0,44.3,406.4,917.3,2025-11-01,,,synthetic-generator,SYNTHETIC_DEMO
DEMO-0045,2026-05-01,40.8,43.1,395.5,917.3,2025-11-01,,,synthetic-generator,SYNTHETIC_DEMO
DEMO-0045,2026-06-01,43.4,44.0,403.4,917.3,2025-11-01,,,synthetic-generator,SYNTHETIC_DEMO
DEMO-0045,2026-07-01,46.8,61.5,563.9,917.3,2025-11-01,,,synthetic-generator,SYNTHETIC_DEMO
DEMO-0045,2026-08-01,49.3,47.1,431.7,917.3,2025-11-01,,,synthetic-generator,SYNTHETIC_DEMO
DEMO-0046,2025-03-01,1.1,1.1,5.8,550.5,2031-09-01,,,synthetic-generator,SYNTHETIC_DEMO
DEMO-0046,2025-04-01,2.5,3.2,17.4,550.5,2031-09-01,,,synthetic-generator,SYNTHETIC_DEMO
DEMO-0046,2025-05-01,4.1,4.9,26.9,550.5,2031-09-01,,,synthetic-generator,SYNTHETIC_DEMO
DEMO-0046,2025-06-01,5.0,6.4,35.1,550.5,2031-09-01,,,synthetic-generator,SYNTHETIC_DEMO
DEMO-0046,2025-07-01,6.0,6.4,35.3,550.5,2031-09-01,,,synthetic-generator,SYNTHETIC_DEMO
DEMO-0046,2025-08-01,7.0,7.3,40.3,550.5,2031-09-01,,,synthetic-generator,SYNTHETIC_DEMO
DEMO-0046,2025-09-01,8.6,8.4,46.1,550.5,2031-09-01,,,synthetic-generator,SYNTHETIC_DEMO
DEMO-0046,2025-10-01,9.6,10.4,57.2,550.5,2031-09-01,,,synthetic-generator,SYNTHETIC_DEMO
DEMO-0046,2025-11-01,10.6,13.0,71.5,550.5,2031-09-01,,,synthetic-generator,SYNTHETIC_DEMO
DEMO-0046,2025-12-01,12.0,15.7,86.5,550.5,2031-09-01,,,synthetic-generator,SYNTHETIC_DEMO
DEMO-0046,2026-01-01,13.4,15.1,83.4,550.5,2031-09-01,,,synthetic-generator,SYNTHETIC_DEMO
DEMO-0046,2026-02-01,14.1,17.7,97.5,550.5,2031-09-01,,,synthetic-generator,SYNTHETIC_DEMO
DEMO-0046,2026-03-01,15.7,19.1,105.2,550.5,2031-09-01,,,synthetic-generator,SYNTHETIC_DEMO
DEMO-0046,2026-04-01,16.6,17.1,94.3,550.5,2031-09-01,,,synthetic-generator,SYNTHETIC_DEMO
DEMO-0046,2026-05-01,17.6,20.6,113.5,550.5,2031-09-01,,,synthetic-generator,SYNTHETIC_DEMO
DEMO-0046,2026-06-01,18.8,22.3,122.8,550.5,2031-09-01,,,synthetic-generator,SYNTHETIC_DEMO
DEMO-0046,2026-07-01,19.4,20.8,114.4,550.5,2031-09-01,,,synthetic-generator,SYNTHETIC_DEMO
DEMO-0046,2026-08-01,20.6,21.9,120.7,550.5,2031-09-01,,,synthetic-generator,SYNTHETIC_DEMO
DEMO-0047,2025-03-01,0.8,0.9,6.4,676.5,2028-08-01,,,synthetic-generator,SYNTHETIC_DEMO
DEMO-0047,2025-04-01,1.9,2.4,16.0,676.5,2028-08-01,,,synthetic-generator,SYNTHETIC_DEMO
DEMO-0047,2025-05-01,3.0,4.0,26.9,676.5,2028-08-01,,,synthetic-generator,SYNTHETIC_DEMO
DEMO-0047,2025-06-01,4.1,4.9,33.2,676.5,2028-08-01,,,synthetic-generator,SYNTHETIC_DEMO
DEMO-0047,2025-07-01,4.6,5.9,40.0,676.5,2028-08-01,,,synthetic-generator,SYNTHETIC_DEMO
DEMO-0047,2025-08-01,5.3,7.0,47.4,676.5,2028-08-01,,,synthetic-generator,SYNTHETIC_DEMO
DEMO-0047,2025-09-01,6.0,6.5,44.0,676.5,2028-08-01,,,synthetic-generator,SYNTHETIC_DEMO
DEMO-0047,2025-10-01,7.0,7.2,49.0,676.5,2028-08-01,,,synthetic-generator,SYNTHETIC_DEMO
DEMO-0047,2025-11-01,7.2,8.7,58.7,676.5,2028-08-01,,,synthetic-generator,SYNTHETIC_DEMO
DEMO-0047,2025-12-01,8.2,10.8,73.4,676.5,2028-08-01,,,synthetic-generator,SYNTHETIC_DEMO
DEMO-0047,2026-01-01,8.6,11.3,76.2,676.5,2028-08-01,,,synthetic-generator,SYNTHETIC_DEMO
DEMO-0047,2026-02-01,9.2,9.8,66.0,676.5,2028-08-01,,,synthetic-generator,SYNTHETIC_DEMO
DEMO-0047,2026-03-01,10.3,11.0,74.3,676.5,2028-08-01,,,synthetic-generator,SYNTHETIC_DEMO
DEMO-0047,2026-04-01,10.7,10.4,70.3,676.5,2028-08-01,,,synthetic-generator,SYNTHETIC_DEMO
DEMO-0047,2026-05-01,11.6,11.6,78.5,676.5,2028-08-01,,,synthetic-generator,SYNTHETIC_DEMO
DEMO-0047,2026-06-01,12.5,14.9,100.8,676.5,2028-08-01,,,synthetic-generator,SYNTHETIC_DEMO
DEMO-0047,2026-07-01,13.7,13.5,91.1,676.5,2028-08-01,,,synthetic-generator,SYNTHETIC_DEMO
DEMO-0047,2026-08-01,14.8,14.9,101.0,676.5,2028-08-01,,,synthetic-generator,SYNTHETIC_DEMO
DEMO-0048,2025-03-01,2.2,2.4,20.5,839.6,2026-12-01,,,synthetic-generator,SYNTHETIC_DEMO
DEMO-0048,2025-04-01,4.1,5.4,45.5,839.6,2026-12-01,,,synthetic-generator,SYNTHETIC_DEMO
DEMO-0048,2025-05-01,6.7,7.3,61.2,839.6,2026-12-01,,,synthetic-generator,SYNTHETIC_DEMO
DEMO-0048,2025-06-01,8.8,10.0,83.6,839.6,2026-12-01,,,synthetic-generator,SYNTHETIC_DEMO
DEMO-0048,2025-07-01,10.1,10.0,83.7,839.6,2026-12-01,,,synthetic-generator,SYNTHETIC_DEMO
DEMO-0048,2025-08-01,11.7,14.3,120.3,839.6,2026-12-01,,,synthetic-generator,SYNTHETIC_DEMO
DEMO-0048,2025-09-01,13.0,13.3,111.4,839.6,2026-12-01,,,synthetic-generator,SYNTHETIC_DEMO
DEMO-0048,2025-10-01,14.5,18.2,152.8,839.6,2026-12-01,,,synthetic-generator,SYNTHETIC_DEMO
DEMO-0048,2025-11-01,16.4,15.9,133.9,839.6,2026-12-01,,,synthetic-generator,SYNTHETIC_DEMO
DEMO-0048,2025-12-01,18.0,20.3,170.7,839.6,2026-12-01,,,synthetic-generator,SYNTHETIC_DEMO
DEMO-0048,2026-01-01,19.8,24.7,207.0,839.6,2026-12-01,,,synthetic-generator,SYNTHETIC_DEMO
DEMO-0048,2026-02-01,21.8,24.4,204.8,839.6,2026-12-01,,,synthetic-generator,SYNTHETIC_DEMO
DEMO-0048,2026-03-01,23.5,28.6,239.9,839.6,2026-12-01,,,synthetic-generator,SYNTHETIC_DEMO
DEMO-0048,2026-04-01,25.4,30.7,257.8,839.6,2026-12-01,,,synthetic-generator,SYNTHETIC_DEMO
DEMO-0048,2026-05-01,26.8,25.6,214.7,839.6,2026-12-01,,,synthetic-generator,SYNTHETIC_DEMO
DEMO-0048,2026-06-01,28.2,31.1,261.2,839.6,2026-12-01,,,synthetic-generator,SYNTHETIC_DEMO
DEMO-0048,2026-07-01,30.1,28.8,242.0,839.6,2026-12-01,,,synthetic-generator,SYNTHETIC_DEMO
DEMO-0048,2026-08-01,32.3,43.3,363.5,839.6,2026-12-01,,,synthetic-generator,SYNTHETIC_DEMO
DEMO-0049,2025-03-01,1.8,2.1,4.3,206.1,2026-05-01,,,synthetic-generator,SYNTHETIC_DEMO
DEMO-0049,2025-04-01,3.8,4.5,9.2,206.1,2026-05-01,,,synthetic-generator,SYNTHETIC_DEMO
DEMO-0049,2025-05-01,5.6,5.4,11.1,206.1,2026-05-01,,,synthetic-generator,SYNTHETIC_DEMO
DEMO-0049,2025-06-01,7.4,9.2,19.0,206.1,2026-05-01,,,synthetic-generator,SYNTHETIC_DEMO
DEMO-0049,2025-07-01,9.6,9.9,20.5,206.1,2026-05-01,,,synthetic-generator,SYNTHETIC_DEMO
DEMO-0049,2025-08-01,11.1,13.5,27.9,206.1,2026-05-01,,,synthetic-generator,SYNTHETIC_DEMO
DEMO-0049,2025-09-01,12.9,15.1,31.2,206.1,2026-05-01,,,synthetic-generator,SYNTHETIC_DEMO
DEMO-0049,2025-10-01,14.5,18.8,38.7,206.1,2026-05-01,,,synthetic-generator,SYNTHETIC_DEMO
DEMO-0049,2025-11-01,16.5,17.4,35.9,206.1,2026-05-01,,,synthetic-generator,SYNTHETIC_DEMO
DEMO-0049,2025-12-01,17.8,22.2,45.8,206.1,2026-05-01,,,synthetic-generator,SYNTHETIC_DEMO
DEMO-0049,2026-01-01,19.4,23.1,47.6,206.1,2026-05-01,,,synthetic-generator,SYNTHETIC_DEMO
DEMO-0049,2026-02-01,20.4,19.7,40.5,206.1,2026-05-01,,,synthetic-generator,SYNTHETIC_DEMO
DEMO-0049,2026-03-01,21.3,20.3,41.9,206.1,2026-05-01,,,synthetic-generator,SYNTHETIC_DEMO
DEMO-0049,2026-04-01,22.7,23.9,49.2,206.1,2026-05-01,,,synthetic-generator,SYNTHETIC_DEMO
DEMO-0049,2026-05-01,24.5,29.0,59.8,206.1,2026-05-01,,,synthetic-generator,SYNTHETIC_DEMO
DEMO-0049,2026-06-01,25.9,31.3,64.5,206.1,2026-05-01,,,synthetic-generator,SYNTHETIC_DEMO
DEMO-0049,2026-07-01,27.3,26.1,53.8,206.1,2026-05-01,,,synthetic-generator,SYNTHETIC_DEMO
DEMO-0049,2026-08-01,29.4,28.3,58.3,206.1,2026-05-01,,,synthetic-generator,SYNTHETIC_DEMO
DEMO-0050,2025-03-01,0.8,1.0,9.7,984.2,2028-09-01,,,synthetic-generator,SYNTHETIC_DEMO
DEMO-0050,2025-04-01,1.1,1.4,13.9,984.2,2028-09-01,,,synthetic-generator,SYNTHETIC_DEMO
DEMO-0050,2025-05-01,3.1,3.2,31.9,984.2,2028-09-01,,,synthetic-generator,SYNTHETIC_DEMO
DEMO-0050,2025-06-01,4.6,5.2,51.0,984.2,2028-09-01,,,synthetic-generator,SYNTHETIC_DEMO
DEMO-0050,2025-07-01,6.4,7.0,69.2,984.2,2028-09-01,,,synthetic-generator,SYNTHETIC_DEMO
DEMO-0050,2025-08-01,7.7,8.6,84.2,984.2,2028-09-01,,,synthetic-generator,SYNTHETIC_DEMO
DEMO-0050,2025-09-01,8.8,10.7,105.8,984.2,2028-09-01,,,synthetic-generator,SYNTHETIC_DEMO
DEMO-0050,2025-10-01,9.9,12.8,126.3,984.2,2028-09-01,,,synthetic-generator,SYNTHETIC_DEMO
DEMO-0050,2025-11-01,11.6,13.3,131.3,984.2,2028-09-01,,,synthetic-generator,SYNTHETIC_DEMO
DEMO-0050,2025-12-01,12.7,16.1,158.2,984.2,2028-09-01,,,synthetic-generator,SYNTHETIC_DEMO
DEMO-0050,2026-01-01,14.1,13.9,136.9,984.2,2028-09-01,,,synthetic-generator,SYNTHETIC_DEMO
DEMO-0050,2026-02-01,15.3,19.7,193.6,984.2,2028-09-01,,,synthetic-generator,SYNTHETIC_DEMO
DEMO-0050,2026-03-01,17.5,20.5,201.3,984.2,2028-09-01,,,synthetic-generator,SYNTHETIC_DEMO
DEMO-0050,2026-04-01,18.5,18.5,182.0,984.2,2028-09-01,,,synthetic-generator,SYNTHETIC_DEMO
DEMO-0050,2026-05-01,19.8,22.8,224.1,984.2,2028-09-01,,,synthetic-generator,SYNTHETIC_DEMO
DEMO-0050,2026-06-01,20.9,26.7,262.4,984.2,2028-09-01,,,synthetic-generator,SYNTHETIC_DEMO
DEMO-0050,2026-07-01,22.4,22.4,220.1,984.2,2028-09-01,,,synthetic-generator,SYNTHETIC_DEMO
DEMO-0050,2026-08-01,23.2,24.3,239.3,984.2,2028-09-01,,,synthetic-generator,SYNTHETIC_DEMO
DEMO-0051,2025-03-01,1.2,1.3,6.3,474.5,2028-12-01,,,synthetic-generator,SYNTHETIC_DEMO
DEMO-0051,2025-04-01,2.2,2.3,10.9,474.5,2028-12-01,,,synthetic-generator,SYNTHETIC_DEMO
DEMO-0051,2025-05-01,3.7,4.9,23.2,474.5,2028-12-01,,,synthetic-generator,SYNTHETIC_DEMO
DEMO-0051,2025-06-01,5.3,6.8,32.2,474.5,2028-12-01,,,synthetic-generator,SYNTHETIC_DEMO
DEMO-0051,2025-07-01,7.3,7.2,34.0,474.5,2028-12-01,,,synthetic-generator,SYNTHETIC_DEMO
DEMO-0051,2025-08-01,9.3,11.3,53.4,474.5,2028-12-01,,,synthetic-generator,SYNTHETIC_DEMO
DEMO-0051,2025-09-01,11.6,15.5,73.7,474.5,2028-12-01,,,synthetic-generator,SYNTHETIC_DEMO
DEMO-0051,2025-10-01,14.4,17.3,82.2,474.5,2028-12-01,,,synthetic-generator,SYNTHETIC_DEMO
DEMO-0051,2025-11-01,17.0,17.2,81.5,474.5,2028-12-01,,,synthetic-generator,SYNTHETIC_DEMO
DEMO-0051,2025-12-01,19.0,23.1,109.7,474.5,2028-12-01,,,synthetic-generator,SYNTHETIC_DEMO
DEMO-0051,2026-01-01,20.9,20.4,96.6,474.5,2028-12-01,,,synthetic-generator,SYNTHETIC_DEMO
DEMO-0051,2026-02-01,22.4,22.0,104.3,474.5,2028-12-01,,,synthetic-generator,SYNTHETIC_DEMO
DEMO-0051,2026-03-01,22.5,26.7,126.7,474.5,2028-12-01,,,synthetic-generator,SYNTHETIC_DEMO
DEMO-0051,2026-04-01,24.7,28.7,136.4,474.5,2028-12-01,,,synthetic-generator,SYNTHETIC_DEMO
DEMO-0051,2026-05-01,26.0,27.8,131.9,474.5,2028-12-01,,,synthetic-generator,SYNTHETIC_DEMO
DEMO-0051,2026-06-01,27.7,32.1,152.2,474.5,2028-12-01,,,synthetic-generator,SYNTHETIC_DEMO
DEMO-0051,2026-07-01,29.4,29.1,137.9,474.5,2028-12-01,,,synthetic-generator,SYNTHETIC_DEMO
DEMO-0051,2026-08-01,31.0,37.1,175.9,474.5,2028-12-01,,,synthetic-generator,SYNTHETIC_DEMO
DEMO-0052,2025-03-01,0.5,0.7,6.4,977.6,2034-11-01,,,synthetic-generator,SYNTHETIC_DEMO
DEMO-0052,2025-04-01,0.5,0.7,6.9,977.6,2034-11-01,,,synthetic-generator,SYNTHETIC_DEMO
DEMO-0052,2025-05-01,0.5,0.7,6.7,977.6,2034-11-01,,,synthetic-generator,SYNTHETIC_DEMO
DEMO-0052,2025-06-01,0.5,0.6,5.7,977.6,2034-11-01,,,synthetic-generator,SYNTHETIC_DEMO
DEMO-0052,2025-07-01,0.9,1.4,13.5,977.6,2034-11-01,,,synthetic-generator,SYNTHETIC_DEMO
DEMO-0052,2025-08-01,0.9,1.0,9.6,977.6,2034-11-01,,,synthetic-generator,SYNTHETIC_DEMO
DEMO-0052,2025-09-01,0.9,1.2,11.8,977.6,2034-11-01,,,synthetic-generator,SYNTHETIC_DEMO
DEMO-0052,2025-10-01,0.9,1.4,13.5,977.6,2034-11-01,,,synthetic-generator,SYNTHETIC_DEMO
DEMO-0052,2025-11-01,1.5,2.0,19.4,977.6,2034-11-01,,,synthetic-generator,SYNTHETIC_DEMO
DEMO-0052,2025-12-01,2.1,2.3,22.3,977.6,2034-11-01,,,synthetic-generator,SYNTHETIC_DEMO
DEMO-0052,2026-01-01,2.1,3.5,34.1,977.6,2034-11-01,,,synthetic-generator,SYNTHETIC_DEMO
DEMO-0052,2026-02-01,2.5,2.6,25.4,977.6,2034-11-01,,,synthetic-generator,SYNTHETIC_DEMO
DEMO-0052,2026-03-01,2.9,4.0,38.9,977.6,2034-11-01,,,synthetic-generator,SYNTHETIC_DEMO
DEMO-0052,2026-04-01,3.3,5.3,52.3,977.6,2034-11-01,,,synthetic-generator,SYNTHETIC_DEMO
DEMO-0052,2026-05-01,3.4,4.9,48.1,977.6,2034-11-01,,,synthetic-generator,SYNTHETIC_DEMO
DEMO-0052,2026-06-01,3.8,6.1,59.4,977.6,2034-11-01,,,synthetic-generator,SYNTHETIC_DEMO
DEMO-0052,2026-07-01,4.3,5.2,51.3,977.6,2034-11-01,,,synthetic-generator,SYNTHETIC_DEMO
DEMO-0052,2026-08-01,4.3,4.2,41.0,977.6,2034-11-01,,,synthetic-generator,SYNTHETIC_DEMO
DEMO-0053,2025-03-01,0.8,0.9,8.7,966.4,2032-05-01,,,synthetic-generator,SYNTHETIC_DEMO
DEMO-0053,2025-04-01,1.6,1.6,15.9,966.4,2032-05-01,,,synthetic-generator,SYNTHETIC_DEMO
DEMO-0053,2025-05-01,2.2,2.2,21.0,966.4,2032-05-01,,,synthetic-generator,SYNTHETIC_DEMO
DEMO-0053,2025-06-01,2.7,3.6,34.4,966.4,2032-05-01,,,synthetic-generator,SYNTHETIC_DEMO
DEMO-0053,2025-07-01,4.1,4.8,46.7,966.4,2032-05-01,,,synthetic-generator,SYNTHETIC_DEMO
DEMO-0053,2025-08-01,4.8,5.8,56.5,966.4,2032-05-01,,,synthetic-generator,SYNTHETIC_DEMO
DEMO-0053,2025-09-01,5.5,7.4,71.3,966.4,2032-05-01,,,synthetic-generator,SYNTHETIC_DEMO
DEMO-0053,2025-10-01,6.1,6.8,65.3,966.4,2032-05-01,,,synthetic-generator,SYNTHETIC_DEMO
DEMO-0053,2025-11-01,7.0,9.4,90.6,966.4,2032-05-01,,,synthetic-generator,SYNTHETIC_DEMO
DEMO-0053,2025-12-01,7.8,8.2,79.0,966.4,2032-05-01,,,synthetic-generator,SYNTHETIC_DEMO
DEMO-0053,2026-01-01,8.4,10.5,101.2,966.4,2032-05-01,,,synthetic-generator,SYNTHETIC_DEMO
DEMO-0053,2026-02-01,9.3,10.0,97.0,966.4,2032-05-01,,,synthetic-generator,SYNTHETIC_DEMO
DEMO-0053,2026-03-01,10.2,12.2,118.2,966.4,2032-05-01,,,synthetic-generator,SYNTHETIC_DEMO
DEMO-0053,2026-04-01,11.1,11.1,107.7,966.4,2032-05-01,,,synthetic-generator,SYNTHETIC_DEMO
DEMO-0053,2026-05-01,12.0,15.2,147.2,966.4,2032-05-01,,,synthetic-generator,SYNTHETIC_DEMO
DEMO-0053,2026-06-01,13.0,17.0,164.1,966.4,2032-05-01,,,synthetic-generator,SYNTHETIC_DEMO
DEMO-0053,2026-07-01,13.6,16.8,162.7,966.4,2032-05-01,,,synthetic-generator,SYNTHETIC_DEMO
DEMO-0053,2026-08-01,14.7,17.9,172.9,966.4,2032-05-01,,,synthetic-generator,SYNTHETIC_DEMO
DEMO-0054,2025-03-01,1.5,1.8,7.4,418.3,2028-07-01,,,synthetic-generator,SYNTHETIC_DEMO
DEMO-0054,2025-04-01,3.0,3.8,15.7,418.3,2028-07-01,,,synthetic-generator,SYNTHETIC_DEMO
DEMO-0054,2025-05-01,4.5,5.5,23.2,418.3,2028-07-01,,,synthetic-generator,SYNTHETIC_DEMO
DEMO-0054,2025-06-01,6.3,8.3,34.7,418.3,2028-07-01,,,synthetic-generator,SYNTHETIC_DEMO
DEMO-0054,2025-07-01,8.8,9.8,40.8,418.3,2028-07-01,,,synthetic-generator,SYNTHETIC_DEMO
DEMO-0054,2025-08-01,10.4,9.9,41.6,418.3,2028-07-01,,,synthetic-generator,SYNTHETIC_DEMO
DEMO-0054,2025-09-01,11.7,12.5,52.3,418.3,2028-07-01,,,synthetic-generator,SYNTHETIC_DEMO
DEMO-0054,2025-10-01,12.4,15.8,66.2,418.3,2028-07-01,,,synthetic-generator,SYNTHETIC_DEMO
DEMO-0054,2025-11-01,14.1,17.9,75.0,418.3,2028-07-01,,,synthetic-generator,SYNTHETIC_DEMO
DEMO-0054,2025-12-01,15.7,18.4,76.8,418.3,2028-07-01,,,synthetic-generator,SYNTHETIC_DEMO
DEMO-0054,2026-01-01,16.0,16.3,68.3,418.3,2028-07-01,,,synthetic-generator,SYNTHETIC_DEMO
DEMO-0054,2026-02-01,17.5,22.7,94.9,418.3,2028-07-01,,,synthetic-generator,SYNTHETIC_DEMO
DEMO-0054,2026-03-01,18.9,20.5,85.8,418.3,2028-07-01,,,synthetic-generator,SYNTHETIC_DEMO
DEMO-0054,2026-04-01,20.1,22.4,93.6,418.3,2028-07-01,,,synthetic-generator,SYNTHETIC_DEMO
DEMO-0054,2026-05-01,21.7,21.7,90.6,418.3,2028-07-01,,,synthetic-generator,SYNTHETIC_DEMO
DEMO-0054,2026-06-01,22.9,25.9,108.5,418.3,2028-07-01,,,synthetic-generator,SYNTHETIC_DEMO
DEMO-0054,2026-07-01,23.9,28.8,120.3,418.3,2028-07-01,,,synthetic-generator,SYNTHETIC_DEMO
DEMO-0054,2026-08-01,25.0,30.6,128.2,418.3,2028-07-01,,,synthetic-generator,SYNTHETIC_DEMO
DEMO-0055,2025-03-01,2.7,2.8,8.3,295.1,2025-09-01,,,synthetic-generator,SYNTHETIC_DEMO
DEMO-0055,2025-04-01,8.2,9.9,29.1,295.1,2025-09-01,,,synthetic-generator,SYNTHETIC_DEMO
DEMO-0055,2025-05-01,10.9,12.7,37.4,295.1,2025-09-01,,,synthetic-generator,SYNTHETIC_DEMO
DEMO-0055,2025-06-01,13.3,14.9,44.0,295.1,2025-09-01,,,synthetic-generator,SYNTHETIC_DEMO
DEMO-0055,2025-07-01,18.0,21.0,62.0,295.1,2025-09-01,,,synthetic-generator,SYNTHETIC_DEMO
DEMO-0055,2025-08-01,21.2,21.5,63.4,295.1,2025-09-01,,,synthetic-generator,SYNTHETIC_DEMO
DEMO-0055,2025-09-01,23.0,25.7,75.7,295.1,2025-09-01,,,synthetic-generator,SYNTHETIC_DEMO
DEMO-0055,2025-10-01,27.4,35.2,103.9,295.1,2025-09-01,,,synthetic-generator,SYNTHETIC_DEMO
DEMO-0055,2025-11-01,30.7,31.8,93.8,295.1,2025-09-01,,,synthetic-generator,SYNTHETIC_DEMO
DEMO-0055,2025-12-01,33.9,43.2,127.4,295.1,2025-09-01,,,synthetic-generator,SYNTHETIC_DEMO
DEMO-0055,2026-01-01,35.7,37.4,110.5,295.1,2025-09-01,,,synthetic-generator,SYNTHETIC_DEMO
DEMO-0055,2026-02-01,36.9,49.6,146.4,295.1,2025-09-01,,,synthetic-generator,SYNTHETIC_DEMO
DEMO-0055,2026-03-01,38.6,47.5,140.3,295.1,2025-09-01,,,synthetic-generator,SYNTHETIC_DEMO
DEMO-0055,2026-04-01,41.4,41.7,123.1,295.1,2025-09-01,,,synthetic-generator,SYNTHETIC_DEMO
DEMO-0055,2026-05-01,43.4,45.6,134.7,295.1,2025-09-01,,,synthetic-generator,SYNTHETIC_DEMO
DEMO-0055,2026-06-01,44.8,43.7,128.9,295.1,2025-09-01,,,synthetic-generator,SYNTHETIC_DEMO
DEMO-0055,2026-07-01,47.2,50.9,150.1,295.1,2025-09-01,,,synthetic-generator,SYNTHETIC_DEMO
DEMO-0055,2026-08-01,50.3,52.2,154.0,295.1,2025-09-01,,,synthetic-generator,SYNTHETIC_DEMO
DEMO-0056,2025-03-01,0.2,0.3,1.4,435.9,2029-01-01,,,synthetic-generator,SYNTHETIC_DEMO
DEMO-0056,2025-04-01,0.2,0.2,0.9,435.9,2029-01-01,,,synthetic-generator,SYNTHETIC_DEMO
DEMO-0056,2025-05-01,0.8,1.0,4.3,435.9,2029-01-01,,,synthetic-generator,SYNTHETIC_DEMO
DEMO-0056,2025-06-01,0.8,1.2,5.3,435.9,2029-01-01,,,synthetic-generator,SYNTHETIC_DEMO
DEMO-0056,2025-07-01,1.3,1.4,6.0,435.9,2029-01-01,,,synthetic-generator,SYNTHETIC_DEMO
DEMO-0056,2025-08-01,2.0,2.8,12.4,435.9,2029-01-01,,,synthetic-generator,SYNTHETIC_DEMO
DEMO-0056,2025-09-01,2.5,2.9,12.6,435.9,2029-01-01,,,synthetic-generator,SYNTHETIC_DEMO
DEMO-0056,2025-10-01,3.2,4.3,18.7,435.9,2029-01-01,,,synthetic-generator,SYNTHETIC_DEMO
DEMO-0056,2025-11-01,4.1,4.9,21.2,435.9,2029-01-01,,,synthetic-generator,SYNTHETIC_DEMO
DEMO-0056,2025-12-01,4.1,6.0,26.3,435.9,2029-01-01,,,synthetic-generator,SYNTHETIC_DEMO
DEMO-0056,2026-01-01,4.1,5.3,23.0,435.9,2029-01-01,,,synthetic-generator,SYNTHETIC_DEMO
DEMO-0056,2026-02-01,4.1,5.1,22.1,435.9,2029-01-01,,,synthetic-generator,SYNTHETIC_DEMO
DEMO-0056,2026-03-01,4.4,4.5,19.8,435.9,2029-01-01,,,synthetic-generator,SYNTHETIC_DEMO
DEMO-0056,2026-04-01,4.8,7.7,33.6,435.9,2029-01-01,,,synthetic-generator,SYNTHETIC_DEMO
DEMO-0056,2026-05-01,4.8,7.0,30.3,435.9,2029-01-01,,,synthetic-generator,SYNTHETIC_DEMO
DEMO-0056,2026-06-01,5.6,8.9,39.0,435.9,2029-01-01,,,synthetic-generator,SYNTHETIC_DEMO
DEMO-0056,2026-07-01,5.6,5.4,23.6,435.9,2029-01-01,,,synthetic-generator,SYNTHETIC_DEMO
DEMO-0056,2026-08-01,6.4,9.8,42.9,435.9,2029-01-01,,,synthetic-generator,SYNTHETIC_DEMO
DEMO-0057,2025-03-01,3.5,4.3,14.9,347.1,2028-04-01,,,synthetic-generator,SYNTHETIC_DEMO
DEMO-0057,2025-04-01,5.8,6.5,22.7,347.1,2028-04-01,,,synthetic-generator,SYNTHETIC_DEMO
DEMO-0057,2025-05-01,7.8,8.0,27.8,347.1,2028-04-01,,,synthetic-generator,SYNTHETIC_DEMO
DEMO-0057,2025-06-01,8.5,8.2,28.3,347.1,2028-04-01,,,synthetic-generator,SYNTHETIC_DEMO
DEMO-0057,2025-07-01,11.3,12.1,42.0,347.1,2028-04-01,,,synthetic-generator,SYNTHETIC_DEMO
DEMO-0057,2025-08-01,13.5,15.5,53.7,347.1,2028-04-01,,,synthetic-generator,SYNTHETIC_DEMO
DEMO-0057,2025-09-01,15.8,18.3,63.6,347.1,2028-04-01,,,synthetic-generator,SYNTHETIC_DEMO
DEMO-0057,2025-10-01,17.8,21.7,75.3,347.1,2028-04-01,,,synthetic-generator,SYNTHETIC_DEMO
DEMO-0057,2025-11-01,20.4,21.9,75.9,347.1,2028-04-01,,,synthetic-generator,SYNTHETIC_DEMO
DEMO-0057,2025-12-01,21.8,21.2,73.5,347.1,2028-04-01,,,synthetic-generator,SYNTHETIC_DEMO
DEMO-0057,2026-01-01,24.5,33.0,114.5,347.1,2028-04-01,,,synthetic-generator,SYNTHETIC_DEMO
DEMO-0057,2026-02-01,26.9,30.3,105.1,347.1,2028-04-01,,,synthetic-generator,SYNTHETIC_DEMO
DEMO-0057,2026-03-01,30.1,33.9,117.8,347.1,2028-04-01,,,synthetic-generator,SYNTHETIC_DEMO
DEMO-0057,2026-04-01,32.9,39.6,137.5,347.1,2028-04-01,,,synthetic-generator,SYNTHETIC_DEMO
DEMO-0057,2026-05-01,34.3,40.0,138.7,347.1,2028-04-01,,,synthetic-generator,SYNTHETIC_DEMO
DEMO-0057,2026-06-01,36.4,34.8,120.7,347.1,2028-04-01,,,synthetic-generator,SYNTHETIC_DEMO
DEMO-0057,2026-07-01,38.1,37.9,131.4,347.1,2028-04-01,,,synthetic-generator,SYNTHETIC_DEMO
DEMO-0057,2026-08-01,41.1,49.6,172.1,347.1,2028-04-01,,,synthetic-generator,SYNTHETIC_DEMO
DEMO-0058,2025-03-01,2.0,2.6,19.8,760.0,2028-02-01,,,synthetic-generator,SYNTHETIC_DEMO
DEMO-0058,2025-04-01,3.3,4.3,32.7,760.0,2028-02-01,,,synthetic-generator,SYNTHETIC_DEMO
DEMO-0058,2025-05-01,5.4,6.5,49.1,760.0,2028-02-01,,,synthetic-generator,SYNTHETIC_DEMO
DEMO-0058,2025-06-01,7.8,9.7,73.9,760.0,2028-02-01,,,synthetic-generator,SYNTHETIC_DEMO
DEMO-0058,2025-07-01,10.0,9.9,75.2,760.0,2028-02-01,,,synthetic-generator,SYNTHETIC_DEMO
DEMO-0058,2025-08-01,10.5,12.6,95.4,760.0,2028-02-01,,,synthetic-generator,SYNTHETIC_DEMO
DEMO-0058,2025-09-01,12.2,14.1,107.1,760.0,2028-02-01,,,synthetic-generator,SYNTHETIC_DEMO
DEMO-0058,2025-10-01,14.9,19.7,149.8,760.0,2028-02-01,,,synthetic-generator,SYNTHETIC_DEMO
DEMO-0058,2025-11-01,18.0,17.8,135.1,760.0,2028-02-01,,,synthetic-generator,SYNTHETIC_DEMO
DEMO-0058,2025-12-01,19.6,25.5,193.9,760.0,2028-02-01,,,synthetic-generator,SYNTHETIC_DEMO
DEMO-0058,2026-01-01,21.3,20.4,154.9,760.0,2028-02-01,,,synthetic-generator,SYNTHETIC_DEMO
DEMO-0058,2026-02-01,22.4,29.1,221.5,760.0,2028-02-01,,,synthetic-generator,SYNTHETIC_DEMO
DEMO-0058,2026-03-01,24.3,28.4,215.7,760.0,2028-02-01,,,synthetic-generator,SYNTHETIC_DEMO
DEMO-0058,2026-04-01,26.8,35.7,271.4,760.0,2028-02-01,,,synthetic-generator,SYNTHETIC_DEMO
DEMO-0058,2026-05-01,28.9,34.6,262.6,760.0,2028-02-01,,,synthetic-generator,SYNTHETIC_DEMO
DEMO-0058,2026-06-01,31.7,37.2,282.5,760.0,2028-02-01,,,synthetic-generator,SYNTHETIC_DEMO
DEMO-0058,2026-07-01,34.8,46.8,355.6,760.0,2028-02-01,,,synthetic-generator,SYNTHETIC_DEMO
DEMO-0058,2026-08-01,37.3,49.0,372.5,760.0,2028-02-01,,,synthetic-generator,SYNTHETIC_DEMO
DEMO-0059,2025-03-01,3.0,3.0,31.9,1055.5,2026-08-01,,,synthetic-generator,SYNTHETIC_DEMO
DEMO-0059,2025-04-01,4.8,5.4,56.8,1055.5,2026-08-01,,,synthetic-generator,SYNTHETIC_DEMO
DEMO-0059,2025-05-01,7.4,7.1,74.8,1055.5,2026-08-01,,,synthetic-generator,SYNTHETIC_DEMO
DEMO-0059,2025-06-01,9.2,10.7,112.6,1055.5,2026-08-01,,,synthetic-generator,SYNTHETIC_DEMO
DEMO-0059,2025-07-01,11.1,13.2,139.5,1055.5,2026-08-01,,,synthetic-generator,SYNTHETIC_DEMO
DEMO-0059,2025-08-01,13.1,14.5,152.8,1055.5,2026-08-01,,,synthetic-generator,SYNTHETIC_DEMO
DEMO-0059,2025-09-01,15.1,15.7,165.5,1055.5,2026-08-01,,,synthetic-generator,SYNTHETIC_DEMO
DEMO-0059,2025-10-01,17.0,16.2,171.0,1055.5,2026-08-01,,,synthetic-generator,SYNTHETIC_DEMO
DEMO-0059,2025-11-01,18.8,20.3,214.5,1055.5,2026-08-01,,,synthetic-generator,SYNTHETIC_DEMO
DEMO-0059,2025-12-01,21.2,24.9,262.7,1055.5,2026-08-01,,,synthetic-generator,SYNTHETIC_DEMO
DEMO-0059,2026-01-01,23.0,26.9,283.8,1055.5,2026-08-01,,,synthetic-generator,SYNTHETIC_DEMO
DEMO-0059,2026-02-01,23.3,23.6,249.2,1055.5,2026-08-01,,,synthetic-generator,SYNTHETIC_DEMO
DEMO-0059,2026-03-01,25.9,30.5,322.4,1055.5,2026-08-01,,,synthetic-generator,SYNTHETIC_DEMO
DEMO-0059,2026-04-01,27.7,30.9,326.2,1055.5,2026-08-01,,,synthetic-generator,SYNTHETIC_DEMO
DEMO-0059,2026-05-01,29.2,38.7,408.5,1055.5,2026-08-01,,,synthetic-generator,SYNTHETIC_DEMO
DEMO-0059,2026-06-01,31.0,34.6,365.6,1055.5,2026-08-01,,,synthetic-generator,SYNTHETIC_DEMO
DEMO-0059,2026-07-01,32.7,43.3,456.9,1055.5,2026-08-01,,,synthetic-generator,SYNTHETIC_DEMO
DEMO-0059,2026-08-01,33.9,34.6,365.4,1055.5,2026-08-01,,,synthetic-generator,SYNTHETIC_DEMO
DEMO-0060,2025-03-01,3.4,3.5,21.2,597.8,2027-07-01,,,synthetic-generator,SYNTHETIC_DEMO
DEMO-0060,2025-04-01,4.9,5.8,34.8,597.8,2027-07-01,,,synthetic-generator,SYNTHETIC_DEMO
DEMO-0060,2025-05-01,7.4,7.3,43.9,597.8,2027-07-01,,,synthetic-generator,SYNTHETIC_DEMO
DEMO-0060,2025-06-01,8.8,9.3,55.4,597.8,2027-07-01,,,synthetic-generator,SYNTHETIC_DEMO
DEMO-0060,2025-07-01,11.0,14.4,86.2,597.8,2027-07-01,,,synthetic-generator,SYNTHETIC_DEMO
DEMO-0060,2025-08-01,13.2,13.6,81.2,597.8,2027-07-01,,,synthetic-generator,SYNTHETIC_DEMO
DEMO-0060,2025-09-01,16.4,16.7,99.9,597.8,2027-07-01,,,synthetic-generator,SYNTHETIC_DEMO
DEMO-0060,2025-10-01,18.8,24.0,143.6,597.8,2027-07-01,,,synthetic-generator,SYNTHETIC_DEMO
DEMO-0060,2025-11-01,20.8,27.5,164.4,597.8,2027-07-01,,,synthetic-generator,SYNTHETIC_DEMO
DEMO-0060,2025-12-01,23.6,28.1,168.0,597.8,2027-07-01,,,synthetic-generator,SYNTHETIC_DEMO
DEMO-0060,2026-01-01,26.5,30.4,181.6,597.8,2027-07-01,,,synthetic-generator,SYNTHETIC_DEMO
DEMO-0060,2026-02-01,27.7,33.1,197.8,597.8,2027-07-01,,,synthetic-generator,SYNTHETIC_DEMO
DEMO-0060,2026-03-01,30.1,32.3,192.8,597.8,2027-07-01,,,synthetic-generator,SYNTHETIC_DEMO
DEMO-0060,2026-04-01,33.4,44.2,264.5,597.8,2027-07-01,,,synthetic-generator,SYNTHETIC_DEMO
DEMO-0060,2026-05-01,35.7,36.0,215.0,597.8,2027-07-01,,,synthetic-generator,SYNTHETIC_DEMO
DEMO-0060,2026-06-01,37.7,36.2,216.4,597.8,2027-07-01,,,synthetic-generator,SYNTHETIC_DEMO
DEMO-0060,2026-07-01,40.1,45.3,270.8,597.8,2027-07-01,,,synthetic-generator,SYNTHETIC_DEMO
DEMO-0060,2026-08-01,41.6,46.7,279.2,597.8,2027-07-01,,,synthetic-generator,SYNTHETIC_DEMO
