project_code,project_name,sector,line_ministry,department,implementing_agency,state,district,project_type,description,original_cost_crore,revised_cost_crore,cumulative_expenditure_crore,start_date,original_end_date,revised_end_date,physical_progress_pct,financial_progress_pct,status,latitude,longitude,origin
DEMO-0001,DEMO Petroleum Project 01,Petroleum,Ministry of Petroleum and Natural Gas,,Public Sector Undertaking,Madhya Pradesh,,Infrastructure,Synthetic demonstration project,788.5,916.6,258.0,2022-01-01,2026-08-01,2026-12-01,26.7,28.1,UNDER_CONSTRUCTION,23.9761,78.8073,SYNTHETIC_DEMO
DEMO-0002,DEMO Power Project 02,Power,Ministry of Power,,State Power Utility,Rajasthan,,Infrastructure,Synthetic demonstration project,625.9,942.4,81.9,2021-10-01,2029-06-01,2030-10-01,5.3,8.7,UNDER_CONSTRUCTION,28.6392,72.1304,SYNTHETIC_DEMO
DEMO-0003,DEMO Petroleum Project 03,Petroleum,Ministry of Petroleum and Natural Gas,,Public Sector Undertaking,Odisha,,Infrastructure,Synthetic demonstration project,205.6,233.9,39.8,2021-09-01,2027-12-01,2028-06-01,17.1,17.0,UNDER_CONSTRUCTION,19.1181,83.2842,SYNTHETIC_DEMO
DEMO-0004,DEMO Roads and Highways Project 04,Roads and Highways,Ministry of Road Transport and Highways,,NHAI,Tamil Nadu,,Infrastructure,Synthetic demonstration project,1262.4,1386.1,290.2,2022-03-01,2027-10-01,2028-10-01,17.1,20.9,UNDER_CONSTRUCTION,11.0669,81.0826,SYNTHETIC_DEMO
DEMO-0005,DEMO Railways Project 05,Railways,Ministry of Railways,,Indian Railways,Uttar Pradesh,,Infrastructure,Synthetic demonstration project,1639.3,1710.5,536.9,2024-06-01,2030-08-01,2030-09-01,25.8,31.4,UNDER_CONSTRUCTION,27.8867,80.6762,SYNTHETIC_DEMO
DEMO-0006,DEMO Ports and Shipping Project 06,Ports and Shipping,"Ministry of Ports, Shipping and Waterways",,Port Authority,Odisha,,Infrastructure,Synthetic demonstration project,2028.8,2100.1,644.6,2024-05-01,2030-04-01,2030-04-01,26.3,30.7,UNDER_CONSTRUCTION,22.0121,86.5187,SYNTHETIC_DEMO
DEMO-0007,DEMO Urban Development Project 07,Urban Development,Ministry of Housing and Urban Affairs,,Metro Rail Corporation,Maharashtra,,Infrastructure,Synthetic demonstration project,580.5,591.2,118.5,2022-12-01,2029-07-01,2029-08-01,20.3,20.0,UNDER_CONSTRUCTION,18.3305,74.0959,SYNTHETIC_DEMO
DEMO-0008,DEMO Power Project 08,Power,Ministry of Power,,State Power Utility,Gujarat,,Infrastructure,Synthetic demonstration project,881.1,892.6,235.3,2022-06-01,2028-08-01,2028-09-01,26.1,26.4,UNDER_CONSTRUCTION,24.2145,69.9127,SYNTHETIC_DEMO
DEMO-0009,DEMO Railways Project 09,Railways,Ministry of Railways,,Indian Railways,Rajasthan,,Infrastructure,Synthetic demonstration project,925.1,938.9,311.6,2023-03-01,2029-02-01,2029-04-01,27.0,33.2,UNDER_CONSTRUCTION,25.8165,75.9097,SYNTHETIC_DEMO
DEMO-0010,DEMO Power Project 10,Power,Ministry of Power,,State Power Utility,Rajasthan,,Infrastructure,Synthetic demonstration project,332.7,334.8,180.3,2022-10-01,2026-02-01,2026-05-01,42.6,53.9,UNDER_CONSTRUCTION,27.9736,74.8167,SYNTHETIC_DEMO
DEMO-0011,DEMO Roads and Highways Project 11,Roads and Highways,Ministry of Road Transport and Highways,,NHAI,Karnataka,,Infrastructure,Synthetic demonstration project,1490.6,1674.5,281.8,2021-11-01,2029-10-01,2030-04-01,14.6,16.8,UNDER_CONSTRUCTION,13.9356,77.8472,SYNTHETIC_DEMO
DEMO-0012,DEMO Roads and Highways Project 12,Roads and Highways,Ministry of Road Transport and Highways,,NHAI,Gujarat,,Infrastructure,Synthetic demonstration project,1030.6,1081.2,343.6,2024-09-01,2030-08-01,2030-10-01,25.3,31.8,UNDER_CONSTRUCTION,22.6583,71.1878,SYNTHETIC_DEMO
DEMO-0013,DEMO Railways Project 13,Railways,Ministry of Railways,,Indian Railways,Bihar,,Infrastructure,Synthetic demonstration project,1938.2,2092.3,471.1,2022-11-01,2027-10-01,2028-12-01,17.9,22.5,UNDER_CONSTRUCTION,23.2355,86.2976,SYNTHETIC_DEMO
DEMO-0014,DEMO Roads and Highways Project 14,Roads and Highways,Ministry of Road Transport and Highways,,NHAI,Karnataka,,Infrastructure,Synthetic demonstration project,326.7,464.7,63.3,2021-11-01,2028-10-01,2031-03-01,8.4,13.6,UNDER_CONSTRUCTION,14.0938,76.8803,SYNTHETIC_DEMO
DEMO-0015,DEMO Petroleum Project 15,Petroleum,Ministry of Petroleum and Natural Gas,,Public Sector Undertaking,Rajasthan,,Infrastructure,Synthetic demonstration project,1721.5,1900.6,383.5,2023-10-01,2029-09-01,2030-05-01,20.3,20.2,UNDER_CONSTRUCTION,27.6729,74.8655,SYNTHETIC_DEMO
DEMO-0016,DEMO Railways Project 16,Railways,Ministry of Railways,,Indian Railways,Tamil Nadu,,Infrastructure,Synthetic demonstration project,1383.1,1447.8,809.9,2023-01-01,2026-05-01,2026-08-01,44.1,55.9,UNDER_CONSTRUCTION,11.1209,76.5118,SYNTHETIC_DEMO
DEMO-0017,DEMO Ports and Shipping Project 17,Ports and Shipping,"Ministry of Ports, Shipping and Waterways",,Port Authority,Karnataka,,Infrastructure,Synthetic demonstration project,318.9,350.3,98.7,2024-04-01,2028-07-01,2028-12-01,24.6,28.2,UNDER_CONSTRUCTION,13.4713,78.0163,SYNTHETIC_DEMO
DEMO-0018,DEMO Ports and Shipping Project 18,Ports and Shipping,"Ministry of Ports, Shipping and Waterways",,Port Authority,Madhya Pradesh,,Infrastructure,Synthetic demonstration project,436.7,502.7,91.2,2024-09-01,2030-07-01,2031-08-01,19.0,18.1,UNDER_CONSTRUCTION,23.4109,79.5053,SYNTHETIC_DEMO
DEMO-0019,DEMO Urban Development Project 19,Urban Development,Ministry of Housing and Urban Affairs,,Metro Rail Corporation,Uttar Pradesh,,Infrastructure,Synthetic demonstration project,1964.9,2040.5,859.3,2023-05-01,2027-06-01,2027-09-01,36.4,42.1,UNDER_CONSTRUCTION,24.3909,80.4995,SYNTHETIC_DEMO
DEMO-0020,DEMO Railways Project 20,Railways,Ministry of Railways,,Indian Railways,Karnataka,,Infrastructure,Synthetic demonstration project,2504.0,2922.9,953.6,2023-12-01,2027-05-01,2028-05-01,29.0,32.6,UNDER_CONSTRUCTION,13.3898,77.9506,SYNTHETIC_DEMO
DEMO-0021,DEMO Power Project 21,Power,Ministry of Power,,State Power Utility,Maharashtra,,Infrastructure,Synthetic demonstration project,1558.6,1626.8,979.5,2022-11-01,2026-06-01,2026-07-01,45.4,60.2,UNDER_CONSTRUCTION,20.7867,74.5537,SYNTHETIC_DEMO
DEMO-0022,DEMO Power Project 22,Power,Ministry of Power,,State Power Utility,Madhya Pradesh,,Infrastructure,Synthetic demonstration project,673.5,730.9,305.5,2023-07-01,2026-11-01,2027-08-01,31.5,41.8,UNDER_CONSTRUCTION,22.6934,79.1225,SYNTHETIC_DEMO
DEMO-0023,DEMO Roads and Highways Project 23,Roads and Highways,Ministry of Road Transport and Highways,,NHAI,Assam,,Infrastructure,Synthetic demonstration project,352.9,422.3,114.2,2023-09-01,2027-11-01,2028-10-01,23.5,27.0,UNDER_CONSTRUCTION,27.5504,94.4607,SYNTHETIC_DEMO
DEMO-0024,DEMO Urban Development Project 24,Urban Development,Ministry of Housing and Urban Affairs,,Metro Rail Corporation,Madhya Pradesh,,Infrastructure,Synthetic demonstration project,1580.2,1647.7,694.3,2022-08-01,2027-06-01,2027-08-01,32.9,42.1,UNDER_CONSTRUCTION,21.7867,76.1965,SYNTHETIC_DEMO
DEMO-0025,DEMO Urban Development Project 25,Urban Development,Ministry of Housing and Urban Affairs,,Metro Rail Corporation,Odisha,,Infrastructure,Synthetic demonstration project,2062.4,2453.3,731.9,2023-06-01,2027-06-01,2028-04-01,24.0,29.8,UNDER_CONSTRUCTION,20.0563,83.4795,SYNTHETIC_DEMO
DEMO-0026,DEMO Ports and Shipping Project 26,Ports and Shipping,"Ministry of Ports, Shipping and Waterways",,Port Authority,Tamil Nadu,,Infrastructure,Synthetic demonstration project,1271.1,1438.0,417.1,2023-04-01,2027-12-01,2028-11-01,23.0,29.0,UNDER_CONSTRUCTION,11.6155,77.3134,SYNTHETIC_DEMO
DEMO-0027,DEMO Urban Development Project 27,Urban Development,Ministry of Housing and Urban Affairs,,Metro Rail Corporation,Odisha,,Infrastructure,Synthetic demonstration project,749.8,947.7,117.3,2022-06-01,2030-03-01,2031-12-01,8.9,12.4,UNDER_CONSTRUCTION,21.8151,85.2431,SYNTHETIC_DEMO
DEMO-0028,DEMO Petroleum Project 28,Petroleum,Ministry of Petroleum and Natural Gas,,Public Sector Undertaking,Uttar Pradesh,,Infrastructure,Synthetic demonstration project,478.7,721.8,72.4,2023-03-01,2029-02-01,2030-11-01,7.6,10.0,UNDER_CONSTRUCTION,26.0379,82.4485,SYNTHETIC_DEMO
DEMO-0029,DEMO Roads and Highways Project 29,Roads and Highways,Ministry of Road Transport and Highways,,NHAI,Maharashtra,,Infrastructure,Synthetic demonstration project,2608.4,2683.6,617.7,2022-01-01,2029-07-01,2029-09-01,18.5,23.0,UNDER_CONSTRUCTION,21.0285,75.1486,SYNTHETIC_DEMO
DEMO-0030,DEMO Power Project 30,Power,Ministry of Power,,State Power Utility,Tamil Nadu,,Infrastructure,Synthetic demonstration project,986.1,1166.3,256.0,2022-06-01,2028-12-01,2029-07-01,17.4,21.9,UNDER_CONSTRUCTION,9.0616,77.8519,SYNTHETIC_DEMO
DEMO-0031,DEMO Petroleum Project 31,Petroleum,Ministry of Petroleum and Natural Gas,,Public Sector Undertaking,Karnataka,,Infrastructure,Synthetic demonstration project,305.6,486.3,49.5,2023-07-01,2030-05-01,2031-09-01,7.3,10.2,UNDER_CONSTRUCTION,13.1336,73.2683,SYNTHETIC_DEMO
DEMO-0032,DEMO Urban Development Project 32,Urban Development,Ministry of Housing and Urban Affairs,,Metro Rail Corporation,Gujarat,,Infrastructure,Synthetic demonstration project,1738.0,2193.7,165.8,2023-09-01,2030-07-01,2032-05-01,7.0,7.6,UNDER_CONSTRUCTION,20.8832,71.7364,SYNTHETIC_DEMO
DEMO-0033,DEMO Railways Project 33,Railways,Ministry of Railways,,Indian Railways,Uttar Pradesh,,Infrastructure,Synthetic demonstration project,386.3,513.4,60.1,2023-12-01,2031-04-01,2033-11-01,7.5,11.7,UNDER_CONSTRUCTION,25.9925,78.9133,SYNTHETIC_DEMO
DEMO-0034,DEMO Power Project 34,Power,Ministry of Power,,State Power Utility,Bihar,,Infrastructure,Synthetic demonstration project,698.9,833.3,176.9,2023-05-01,2029-02-01,2030-04-01,15.8,21.2,UNDER_CONSTRUCTION,25.0123,86.8699,SYNTHETIC_DEMO
DEMO-0035,DEMO Ports and Shipping Project 35,Ports and Shipping,"Ministry of Ports, Shipping and Waterways",,Port Authority,Madhya Pradesh,,Infrastructure,Synthetic demonstration project,873.6,1038.9,183.0,2024-04-01,2030-12-01,2031-07-01,14.5,17.6,UNDER_CONSTRUCTION,24.1126,78.066,SYNTHETIC_DEMO
DEMO-0036,DEMO Urban Development Project 36,Urban Development,Ministry of Housing and Urban Affairs,,Metro Rail Corporation,Gujarat,,Infrastructure,Synthetic demonstration project,313.9,367.7,134.8,2022-10-01,2026-04-01,2026-09-01,29.3,36.7,UNDER_CONSTRUCTION,23.9677,69.1889,SYNTHETIC_DEMO
DEMO-0037,DEMO Ports and Shipping Project 37,Ports and Shipping,"Ministry of Ports, Shipping and Waterways",,Port Authority,Odisha,,Infrastructure,Synthetic demonstration project,353.7,382.3,93.3,2022-10-01,2027-11-01,2028-09-01,21.4,24.4,UNDER_CONSTRUCTION,22.4824,85.713,SYNTHETIC_DEMO
DEMO-0038,DEMO Urban Development Project 38,Urban Development,Ministry of Housing and Urban Affairs,,Metro Rail Corporation,Madhya Pradesh,,Infrastructure,Synthetic demonstration project,719.8,721.7,320.6,2022-09-01,2026-01-01,2026-03-01,40.5,44.4,UNDER_CONSTRUCTION,22.3409,77.3551,SYNTHETIC_DEMO
DEMO-0039,DEMO Urban Development Project 39,Urban Development,Ministry of Housing and Urban Affairs,,Metro Rail Corporation,Gujarat,,Infrastructure,Synthetic demonstration project,238.3,246.6,87.7,2023-09-01,2029-02-01,2029-04-01,27.9,35.6,UNDER_CONSTRUCTION,24.2329,73.6346,SYNTHETIC_DEMO
DEMO-0040,DEMO Railways Project 40,Railways,Ministry of Railways,,Indian Railways,Rajasthan,,Infrastructure,Synthetic demonstration project,935.4,1014.5,211.4,2024-01-01,2029-09-01,2030-04-01,20.2,20.8,UNDER_CONSTRUCTION,27.6707,74.3392,SYNTHETIC_DEMO
DEMO-0041,DEMO Petroleum Project 41,Petroleum,Ministry of Petroleum and Natural Gas,,Public Sector Undertaking,Rajasthan,,Infrastructure,Synthetic demonstration project,1158.3,1779.8,208.5,2022-12-01,2029-09-01,2032-08-01,7.1,11.7,UNDER_CONSTRUCTION,29.4305,75.9824,SYNTHETIC_DEMO
DEMO-0042,DEMO Power Project 42,Power,Ministry of Power,,State Power Utility,Rajasthan,,Infrastructure,Synthetic demonstration project,229.7,235.8,54.0,2023-11-01,2029-12-01,2030-03-01,23.5,22.9,UNDER_CONSTRUCTION,28.4033,76.0923,SYNTHETIC_DEMO
DEMO-0043,DEMO Ports and Shipping Project 43,Ports and Shipping,"Ministry of Ports, Shipping and Waterways",,Port Authority,Uttar Pradesh,,Infrastructure,Synthetic demonstration project,536.1,769.9,70.9,2024-06-01,2029-06-01,2031-10-01,7.6,9.2,UNDER_CONSTRUCTION,28.9939,80.7446,SYNTHETIC_DEMO
DEMO-0044,DEMO Roads and Highways Project 44,Roads and Highways,Ministry of Road Transport and Highways,,NHAI,Bihar,,Infrastructure,Synthetic demonstration project,403.6,420.2,184.2,2022-01-01,2026-01-01,2026-02-01,35.2,43.8,UNDER_CONSTRUCTION,26.9599,84.5793,SYNTHETIC_DEMO
DEMO-0045,DEMO Power Project 45,Power,Ministry of Power,,State Power Utility,Bihar,,Infrastructure,Synthetic demonstration project,882.8,917.3,431.7,2022-02-01,2025-10-01,2025-11-01,49.3,47.1,UNDER_CONSTRUCTION,26.0494,84.6103,SYNTHETIC_DEMO
DEMO-0046,DEMO Urban Development Project 46,Urban Development,Ministry of Housing and Urban Affairs,,Metro Rail Corporation,Maharashtra,,Infrastructure,Synthetic demonstration project,542.3,550.5,120.7,2023-11-01,2031-08-01,2031-09-01,20.6,21.9,UNDER_CONSTRUCTION,17.5712,75.1245,SYNTHETIC_DEMO
DEMO-0047,DEMO Petroleum Project 47,Petroleum,Ministry of Petroleum and Natural Gas,,Public Sector Undertaking,Karnataka,,Infrastructure,Synthetic demonstration project,623.4,676.5,101.0,2021-10-01,2028-04-01,2028-08-01,14.8,14.9,UNDER_CONSTRUCTION,17.3089,74.9562,SYNTHETIC_DEMO
DEMO-0048,DEMO Railways Project 48,Railways,Ministry of Railways,,Indian Railways,Madhya Pradesh,,Infrastructure,Synthetic demonstration project,733.7,839.6,363.5,2022-11-01,2026-02-01,2026-12-01,32.3,43.3,UNDER_CONSTRUCTION,22.0825,76.4965,SYNTHETIC_DEMO
DEMO-0049,DEMO Roads and Highways Project 49,Roads and Highways,Ministry of Road Transport and Highways,,NHAI,Karnataka,,Infrastructure,Synthetic demonstration project,179.3,206.1,58.3,2022-02-01,2025-12-01,2026-05-01,29.4,28.3,UNDER_CONSTRUCTION,13.9698,74.3859,SYNTHETIC_DEMO
DEMO-0050,DEMO Urban Development Project 50,Urban Development,Ministry of Housing and Urban Affairs,,Metro Rail Corporation,Tamil Nadu,,Infrastructure,Synthetic demonstration project,967.5,984.2,239.3,2022-02-01,2028-06-01,2028-09-01,23.2,24.3,UNDER_CONSTRUCTION,10.3937,76.3304,SYNTHETIC_DEMO
DEMO-0051,DEMO Petroleum Project 51,Petroleum,Ministry of Petroleum and Natural Gas,,Public Sector Undertaking,Gujarat,,Infrastructure,Synthetic demonstration project,455.5,474.5,175.9,2024-03-01,2028-10-01,2028-12-01,31.0,37.1,UNDER_CONSTRUCTION,23.2717,70.8216,SYNTHETIC_DEMO
DEMO-0052,DEMO Power Project 52,Power,Ministry of Power,,State Power Utility,Assam,,Infrastructure,Synthetic demonstration project,747.8,977.6,41.0,2024-08-01,2032-08-01,2034-11-01,4.3,4.2,UNDER_CONSTRUCTION,23.9169,90.7864,SYNTHETIC_DEMO
DEMO-0053,DEMO Railways Project 53,Railways,Ministry of Railways,,Indian Railways,Uttar Pradesh,,Infrastructure,Synthetic demonstration project,878.9,966.4,172.9,2023-07-01,2031-06-01,2032-05-01,14.7,17.9,UNDER_CONSTRUCTION,28.9854,80.1275,SYNTHETIC_DEMO
DEMO-0054,DEMO Urban Development Project 54,Urban Development,Ministry of Housing and Urban Affairs,,Metro Rail Corporation,Rajasthan,,Infrastructure,Synthetic demonstration project,411.3,418.3,128.2,2022-01-01,2028-05-01,2028-07-01,25.0,30.6,UNDER_CONSTRUCTION,29.3241,74.2879,SYNTHETIC_DEMO
DEMO-0055,DEMO Ports and Shipping Project 55,Ports and Shipping,"Ministry of Ports, Shipping and Waterways",,Port Authority,Assam,,Infrastructure,Synthetic demonstration project,284.6,295.1,154.0,2022-06-01,2025-08-01,2025-09-01,50.3,52.2,UNDER_CONSTRUCTION,27.0006,94.7255,SYNTHETIC_DEMO
DEMO-0056,DEMO Power Project 56,Power,Ministry of Power,,State Power Utility,Uttar Pradesh,,Infrastructure,Synthetic demonstration project,301.8,435.9,42.9,2021-09-01,2027-09-01,2029-01-01,6.4,9.8,UNDER_CONSTRUCTION,26.7121,79.8065,SYNTHETIC_DEMO
DEMO-0057,DEMO Railways Project 57,Railways,Ministry of Railways,,Indian Railways,Tamil Nadu,,Infrastructure,Synthetic demonstration project,339.1,347.1,172.1,2024-05-01,2028-01-01,2028-04-01,41.1,49.6,UNDER_CONSTRUCTION,11.1277,77.2628,SYNTHETIC_DEMO
DEMO-0058,DEMO Petroleum Project 58,Petroleum,Ministry of Petroleum and Natural Gas,,Public Sector Undertaking,Madhya Pradesh,,Infrastructure,Synthetic demonstration project,748.1,760.0,372.5,2023-09-01,2027-11-01,2028-02-01,37.3,49.0,UNDER_CONSTRUCTION,23.7514,76.8707,SYNTHETIC_DEMO
DEMO-0059,DEMO Urban Development Project 59,Urban Development,Ministry of Housing and Urban Affairs,,Metro Rail Corporation,Rajasthan,,Infrastructure,Synthetic demonstration project,1051.1,1055.5,365.4,2021-11-01,2026-08-01,2026-08-01,33.9,34.6,UNDER_CONSTRUCTION,28.9636,75.6149,SYNTHETIC_DEMO
DEMO-0060,DEMO Railways Project 60,Railways,Ministry of Railways,,Indian Railways,Karnataka,,Infrastructure,Synthetic demonstration project,576.1,597.8,279.2,2024-02-01,2027-04-01,2027-07-01,41.6,46.7,UNDER_CONSTRUCTION,15.7363,77.017,SYNTHETIC_DEMO
